Year,CRUDEOIL,ABCINDQ,ACC,ACE*,AINFRA,ALLCARGO,AMBUJACEM,ANDHRACEMT,APCL,APOLLOTYRE,ARIES,ARSHIYA,ASISL,AUTOINT,BALKRISIND,BALTE,BASANTGL,BHARATAGRI,BIGBLOC,BIRLACORPN,BLS,BLUEDART,BURNPUR,BVCL,CEATLTD,CENTPROV,CENTURYTEX,CHAMBLFERT,CHLOGIST,CHOWGULSTM,COARO,COCHINSHIP,CONCOR,CONTAINER,COROMANDEL,CORPOCO,COX&KINGS,CROWNTOURS,DALBHARAT,DECCANCE,DOLFIN,DREDGECORP,EASTRED,ESSARSHPNG,EVERESTIND,FACT,FRONTCORP,FSC,GATI,GDL,GESHIP*,GLOBALVECT,GLOBOFFS,GNFC,GOODYEAR,GOVINDRU,GRASIM,GRPLTD,GSCLCEMENT,GSFC,HARRMALAYA,HEIDELBERG,HIL,INDAG,INDIACEM,INDIANHUME,INDIGO,INDRAIND,INTSTOIL,ITHL,JAGSONAI,JETAIRWAYS,JITFINFRA,JKCEMENT,JKLAKSHMI,JKTYRE,KAKATCEM,KCP,KEERTHI,KERNEX,KHAICHEM,KTIL,LANCER,MADRASFERT,MAHLOG,MANGCHEFER,MANGLMCEM,MERCATOR,MFLINDIA,MHSGRMS,MMRUBBR-B,MODIRUBBER,MPAGI,MRF,MULTIBASE,NAGARFERT,NAVKARCORP,NCLIND,NECCLTD,NFL,OBCL,ORIENTCEM,PATINTLOG,PHOSPHATE,PIXTRANS,PRSMJOHNSN,RAMAPHO,RAMCOCEM,RCF,RITCO,RUBFILA,SAGCEM,SAHYADRI,SAINIK,SANCTRN,SANGHIIND,SANGHVIMOV,SAURASHCEM,SCANPRO,SCI,SEAMECLTD,SHAHISHIP,SHIVAAGRO,SHIVACEM,SHREDIGCEM,SHREECEM,SHREYAS,SICAL,SKCIL,SNOWMAN,SPIC,SPICEJET,STARCEMENT,STL,SURYAKR,TAALENT,TCI,TCIEXP,THOMASCOOK,TIGERLOGS,TIL,TRADWIN,TTIL,TVSSRICHAK,UDAICEMENT,ULTRACEMCO,VAMSHIRU,VARDHMAN,VISAKAIND,VMV,VRLLOG,VRWODAR,ZUARI,ZUARIGLOB
2012,0,0,1,-1,NOT AVAILABLE,0,1,-1,0,1,-1,0,1,NOT AVAILABLE,1,0,1,1,NOT AVAILABLE,0,NOT AVAILABLE,0,0,-1,1,0,1,-1,-1,-1,0,NOT AVAILABLE,0,NOT AVAILABLE,0,-1,-1,NOT AVAILABLE,NOT AVAILABLE,1,NOT AVAILABLE,0,1,0,1,0,NOT AVAILABLE,NOT AVAILABLE,0,0,1,0,0,0,0,1,1,0,1,-1,-1,1,1,1,0,0,NOT AVAILABLE,NOT AVAILABLE,0,0,0,1,NOT AVAILABLE,1,1,1,0,1,-1,0,0,0,NOT AVAILABLE,NOT AVAILABLE,NOT AVAILABLE,0,1,0,-1,1,-1,0,-1,1,0,NOT AVAILABLE,NOT AVAILABLE,0,0,0,NOT AVAILABLE,NOT AVAILABLE,0,NOT AVAILABLE,1,1,0,1,0,NOT AVAILABLE,1,1,1,-1,0,1,0,1,NOT AVAILABLE,0,0,0,0,-1,1,1,0,-1,0,NOT AVAILABLE,0,1,NOT AVAILABLE,NOT AVAILABLE,-1,NOT AVAILABLE,0,NOT AVAILABLE,0,NOT AVAILABLE,-1,1,NOT AVAILABLE,0,NOT AVAILABLE,1,0,0,1,NOT AVAILABLE,NOT AVAILABLE,-1,-1,-1
2013,1,-1,-1,0,NOT AVAILABLE,-1,0,-1,-1,0,-1,-1,-1,NOT AVAILABLE,0,0,-1,-1,NOT AVAILABLE,-1,NOT AVAILABLE,1,0,-1,1,0,-1,-1,-1,-1,0,NOT AVAILABLE,-1,NOT AVAILABLE,0,0,-1,NOT AVAILABLE,NOT AVAILABLE,-1,NOT AVAILABLE,0,-1,-1,-1,-1,NOT AVAILABLE,NOT AVAILABLE,0,0,0,-1,0,-1,0,-1,-1,0,0,-1,-1,-1,-1,0,-1,0,NOT AVAILABLE,NOT AVAILABLE,-1,-1,-1,-1,NOT AVAILABLE,-1,-1,0,-1,-1,-1,0,-1,0,NOT AVAILABLE,NOT AVAILABLE,NOT AVAILABLE,1,-1,0,0,0,1,-1,-1,1,-1,NOT AVAILABLE,NOT AVAILABLE,-1,0,-1,NOT AVAILABLE,0,-1,NOT AVAILABLE,-1,-1,-1,-1,-1,NOT AVAILABLE,0,-1,-1,-1,-1,-1,-1,-1,NOT AVAILABLE,-1,-1,-1,0,-1,-1,0,-1,-1,0,NOT AVAILABLE,-1,-1,NOT AVAILABLE,NOT AVAILABLE,NOT AVAILABLE,NOT AVAILABLE,0,NOT AVAILABLE,1,0,-1,-1,NOT AVAILABLE,0,0,0,0,1,-1,NOT AVAILABLE,NOT AVAILABLE,-1,-1,-1
2014,-1,0,1,1,NOT AVAILABLE,1,1,1,1,1,1,0,1,NOT AVAILABLE,1,1,1,1,NOT AVAILABLE,1,NOT AVAILABLE,1,0,1,1,0,1,1,1,1,1,NOT AVAILABLE,1,NOT AVAILABLE,1,1,1,0,NOT AVAILABLE,1,NOT AVAILABLE,1,1,0,1,1,NOT AVAILABLE,NOT AVAILABLE,1,1,1,1,1,0,1,1,1,0,1,1,1,1,1,1,1,1,NOT AVAILABLE,NOT AVAILABLE,0,1,0,0,NOT AVAILABLE,1,1,0,1,1,1,0,0,1,NOT AVAILABLE,NOT AVAILABLE,NOT AVAILABLE,1,1,0,1,1,0,1,1,1,1,NOT AVAILABLE,NOT AVAILABLE,1,1,1,NOT AVAILABLE,1,1,NOT AVAILABLE,1,1,0,1,1,NOT AVAILABLE,1,1,1,1,1,1,1,1,NOT AVAILABLE,1,1,1,0,1,1,1,1,1,0,0,1,0,NOT AVAILABLE,NOT AVAILABLE,1,NOT AVAILABLE,1,NOT AVAILABLE,1,1,1,0,NOT AVAILABLE,1,1,1,1,0,1,NOT AVAILABLE,NOT AVAILABLE,1,1,1
2015,0,0,-1,0,NOT AVAILABLE,0,-1,-1,1,0,-1,0,-1,NOT AVAILABLE,0,0,0,0,NOT AVAILABLE,0,NOT AVAILABLE,0,0,0,1,-1,0,0,0,-1,0,NOT AVAILABLE,0,NOT AVAILABLE,-1,-1,-1,-1,NOT AVAILABLE,1,NOT AVAILABLE,0,1,0,0,-1,NOT AVAILABLE,NOT AVAILABLE,-1,-1,0,1,-1,0,0,-1,0,-1,0,-1,0,0,0,-1,0,1,1,0,0,-1,0,0,NOT AVAILABLE,0,0,0,0,0,1,0,0,0,NOT AVAILABLE,-1,NOT AVAILABLE,-1,-1,1,0,1,0,1,-1,0,0,NOT AVAILABLE,1,1,-1,-1,NOT AVAILABLE,0,0,NOT AVAILABLE,0,0,0,0,-1,NOT AVAILABLE,0,1,0,0,0,0,1,1,1,1,0,0,0,0,0,0,0,0,1,0,0,1,NOT AVAILABLE,NOT AVAILABLE,NOT AVAILABLE,NOT AVAILABLE,0,NOT AVAILABLE,0,0,0,1,-1,1,0,0,0,0,0,-1,1,-1,-1,0
2016,1,0,0,0,1,0,0,0,0,1,1,0,0,NOT AVAILABLE,1,0,0,-1,0,1,1,-1,0,1,0,1,1,0,0,-1,1,NOT AVAILABLE,0,NOT AVAILABLE,1,0,0,0,NOT AVAILABLE,1,NOT AVAILABLE,0,1,0,0,0,1,NOT AVAILABLE,0,0,0,0,-1,1,1,0,0,1,0,1,0,1,0,0,1,0,0,-1,0,0,0,-1,NOT AVAILABLE,1,1,1,0,1,0,0,1,0,1,0,NOT AVAILABLE,0,1,1,0,0,0,-1,-1,1,1,-1,0,0,-1,1,NOT AVAILABLE,0,0,NOT AVAILABLE,1,0,1,1,0,NOT AVAILABLE,0,1,0,0,0,0,-1,0,NOT AVAILABLE,0,0,0,1,1,1,1,0,1,0,0,0,-1,NOT AVAILABLE,NOT AVAILABLE,1,-1,0,-1,0,1,-1,-1,-1,1,1,1,1,-1,1,1,-1,1,1,0
2017,0,0,1,1,1,0,1,0,1,1,0,1,-1,NOT AVAILABLE,1,1,0,1,1,1,-1,0,0,0,1,0,1,1,0,0,-1,0,1,1,1,0,1,-1,NOT AVAILABLE,-1,NOT AVAILABLE,0,-1,0,1,0,-1,0,0,0,0,1,-1,1,0,0,1,-1,1,1,0,1,1,0,0,1,1,1,1,0,0,1,-1,1,0,0,0,1,0,0,0,0,1,1,1,1,1,-1,0,0,0,1,0,1,1,0,0,1,-1,0,NOT AVAILABLE,1,0,NOT AVAILABLE,1,0,0,1,1,NOT AVAILABLE,1,1,1,0,0,1,-1,1,NOT AVAILABLE,1,1,-1,1,1,0,1,1,0,0,0,1,1,0,1,1,0,1,1,1,-1,1,-1,-1,0,0,1,0,0,1,0,1,1,1,1
2018,0,-1,0,-1,0,-1,-1,-1,-1,-1,-1,-1,1,NOT AVAILABLE,0,-1,-1,-1,-1,-1,-1,-1,-1,-1,-1,-1,-1,0,-1,-1,-1,-1,-1,0,-1,0,-1,1,1,-1,1,-1,-1,-1,0,-1,0,0,-1,-1,-1,-1,-1,-1,-1,-1,-1,-1,-1,-1,0,0,1,-1,-1,-1,-1,0,-1,-1,-1,-1,-1,-1,-1,-1,-1,-1,-1,-1,-1,-1,-1,-1,0,-1,-1,-1,-1,-1,0,-1,-1,0,-1,-1,-1,-1,-1,-1,0,-1,-1,1,0,-1,0,-1,-1,NOT AVAILABLE,-1,-1,-1,-1,-1,-1,-1,-1,-1,-1,0,0,-1,-1,-1,0,-1,-1,-1,-1,-1,-1,-1,-1,-1,1,0,1,0,-1,-1,0,-1,-1,-1,0,-1,-1,-1,-1,-1,NOT AVAILABLE,-1,-1
h01/2012,0,0,0,0,NOT AVAILABLE,-1,0,-1,0,1,0,0,NOT AVAILABLE,NOT AVAILABLE,1,0,0,-1,NOT AVAILABLE,-1,NOT AVAILABLE,1,-1,0,1,0,0,-1,-1,-1,0,NOT AVAILABLE,0,NOT AVAILABLE,0,NOT AVAILABLE,-1,NOT AVAILABLE,NOT AVAILABLE,1,NOT AVAILABLE,0,0,0,1,0,NOT AVAILABLE,NOT AVAILABLE,0,0,0,-1,0,0,0,0,0,1,0,1,0,0,1,1,0,0,NOT AVAILABLE,NOT AVAILABLE,-1,0,-1,1,NOT AVAILABLE,1,1,0,0,0,-1,-1,0,0,NOT AVAILABLE,NOT AVAILABLE,NOT AVAILABLE,0,0,0,0,NOT AVAILABLE,0,0,NOT AVAILABLE,1,1,NOT AVAILABLE,NOT AVAILABLE,0,NOT AVAILABLE,0,NOT AVAILABLE,NOT AVAILABLE,0,NOT AVAILABLE,0,0,0,1,0,NOT AVAILABLE,NOT AVAILABLE,1,0,-1,0,0,0,1,NOT AVAILABLE,0,0,0,-1,0,0,0,0,0,0,NOT AVAILABLE,0,1,NOT AVAILABLE,NOT AVAILABLE,NOT AVAILABLE,NOT AVAILABLE,0,NOT AVAILABLE,1,NOT AVAILABLE,0,NOT AVAILABLE,NOT AVAILABLE,0,NOT AVAILABLE,1,0,NOT AVAILABLE,1,NOT AVAILABLE,NOT AVAILABLE,NOT AVAILABLE,NOT AVAILABLE,-1
h02/2012,0,0,1,0,NOT AVAILABLE,-1,1,0,0,0,0,0,1,NOT AVAILABLE,0,0,1,1,NOT AVAILABLE,1,NOT AVAILABLE,0,1,0,0,0,1,-1,0,0,1,NOT AVAILABLE,0,NOT AVAILABLE,0,-1,0,NOT AVAILABLE,NOT AVAILABLE,1,NOT AVAILABLE,-1,1,0,1,0,NOT AVAILABLE,NOT AVAILABLE,0,0,0,1,-1,0,0,1,1,0,1,-1,-1,1,1,1,0,0,NOT AVAILABLE,NOT AVAILABLE,0,0,1,1,NOT AVAILABLE,1,1,1,0,1,0,1,0,0,NOT AVAILABLE,NOT AVAILABLE,NOT AVAILABLE,-1,1,0,-1,NOT AVAILABLE,0,0,-1,0,1,NOT AVAILABLE,NOT AVAILABLE,0,NOT AVAILABLE,0,NOT AVAILABLE,NOT AVAILABLE,0,NOT AVAILABLE,1,0,1,1,0,NOT AVAILABLE,1,1,1,0,0,1,0,1,NOT AVAILABLE,0,0,0,0,-1,1,1,-1,-1,0,NOT AVAILABLE,0,1,NOT AVAILABLE,NOT AVAILABLE,NOT AVAILABLE,NOT AVAILABLE,1,NOT AVAILABLE,0,NOT AVAILABLE,0,NOT AVAILABLE,NOT AVAILABLE,-1,NOT AVAILABLE,1,0,1,1,NOT AVAILABLE,NOT AVAILABLE,NOT AVAILABLE,NOT AVAILABLE,0
h01/2013,0,-1,-1,-1,NOT AVAILABLE,-1,-1,-1,-1,0,-1,-1,NOT AVAILABLE,NOT AVAILABLE,-1,1,-1,0,NOT AVAILABLE,-1,NOT AVAILABLE,1,0,-1,0,NOT AVAILABLE,-1,-1,NOT AVAILABLE,-1,NOT AVAILABLE,NOT AVAILABLE,1,NOT AVAILABLE,-1,NOT AVAILABLE,-1,NOT AVAILABLE,NOT AVAILABLE,-1,NOT AVAILABLE,0,NOT AVAILABLE,-1,-1,-1,NOT AVAILABLE,NOT AVAILABLE,-1,-1,-1,-1,0,0,0,-1,-1,-1,NOT AVAILABLE,-1,-1,0,-1,-1,-1,-1,NOT AVAILABLE,NOT AVAILABLE,NOT AVAILABLE,-1,-1,0,NOT AVAILABLE,-1,-1,0,-1,-1,-1,-1,-1,-1,NOT AVAILABLE,NOT AVAILABLE,NOT AVAILABLE,0,-1,-1,0,NOT AVAILABLE,NOT AVAILABLE,-1,NOT AVAILABLE,0,-1,NOT AVAILABLE,NOT AVAILABLE,-1,0,-1,NOT AVAILABLE,NOT AVAILABLE,-1,NOT AVAILABLE,-1,-1,-1,0,-1,NOT AVAILABLE,0,-1,-1,NOT AVAILABLE,-1,-1,-1,-1,NOT AVAILABLE,-1,-1,-1,-1,-1,-1,0,0,-1,1,NOT AVAILABLE,-1,-1,NOT AVAILABLE,NOT AVAILABLE,NOT AVAILABLE,NOT AVAILABLE,-1,NOT AVAILABLE,0,NOT AVAILABLE,-1,NOT AVAILABLE,NOT AVAILABLE,-1,NOT AVAILABLE,0,-1,NOT AVAILABLE,-1,NOT AVAILABLE,NOT AVAILABLE,NOT AVAILABLE,-1,-1
h02/2013,0,0,0,0,NOT AVAILABLE,1,0,0,1,1,0,0,NOT AVAILABLE,NOT AVAILABLE,1,0,1,-1,NOT AVAILABLE,0,NOT AVAILABLE,1,0,-1,1,0,1,0,-1,0,NOT AVAILABLE,NOT AVAILABLE,-1,NOT AVAILABLE,1,NOT AVAILABLE,0,NOT AVAILABLE,NOT AVAILABLE,-1,NOT AVAILABLE,1,-1,0,0,0,NOT AVAILABLE,NOT AVAILABLE,1,1,1,0,0,0,1,0,0,1,0,0,0,0,-1,1,0,1,NOT AVAILABLE,NOT AVAILABLE,-1,1,0,-1,NOT AVAILABLE,0,0,1,0,0,-1,1,-1,1,NOT AVAILABLE,NOT AVAILABLE,NOT AVAILABLE,0,0,1,-1,NOT AVAILABLE,NOT AVAILABLE,-1,-1,1,0,NOT AVAILABLE,NOT AVAILABLE,0,0,0,NOT AVAILABLE,0,0,NOT AVAILABLE,0,0,0,0,0,NOT AVAILABLE,0,0,0,NOT AVAILABLE,0,0,0,0,NOT AVAILABLE,1,0,-1,0,-1,0,0,0,-1,-1,NOT AVAILABLE,1,-1,NOT AVAILABLE,NOT AVAILABLE,NOT AVAILABLE,NOT AVAILABLE,1,NOT AVAILABLE,1,NOT AVAILABLE,0,NOT AVAILABLE,NOT AVAILABLE,1,NOT AVAILABLE,0,1,NOT AVAILABLE,0,NOT AVAILABLE,NOT AVAILABLE,NOT AVAILABLE,1,1
h01/2014,0,0,1,1,NOT AVAILABLE,1,1,1,1,1,1,1,NOT AVAILABLE,NOT AVAILABLE,1,0,1,1,NOT AVAILABLE,1,NOT AVAILABLE,0,1,1,1,1,1,1,0,1,NOT AVAILABLE,NOT AVAILABLE,1,NOT AVAILABLE,0,1,1,NOT AVAILABLE,NOT AVAILABLE,1,NOT AVAILABLE,1,1,0,1,1,NOT AVAILABLE,NOT AVAILABLE,1,1,1,1,1,1,1,0,1,1,1,1,1,1,1,1,1,1,NOT AVAILABLE,NOT AVAILABLE,NOT AVAILABLE,1,1,0,NOT AVAILABLE,1,1,1,1,1,1,1,0,1,NOT AVAILABLE,NOT AVAILABLE,NOT AVAILABLE,1,1,1,0,NOT AVAILABLE,0,1,NOT AVAILABLE,1,1,NOT AVAILABLE,NOT AVAILABLE,1,0,1,NOT AVAILABLE,1,1,NOT AVAILABLE,1,1,0,1,1,NOT AVAILABLE,1,1,1,0,1,1,1,1,NOT AVAILABLE,1,1,1,0,1,1,1,1,1,0,NOT AVAILABLE,1,0,NOT AVAILABLE,NOT AVAILABLE,NOT AVAILABLE,NOT AVAILABLE,1,NOT AVAILABLE,1,0,1,NOT AVAILABLE,NOT AVAILABLE,1,1,1,0,NOT AVAILABLE,1,NOT AVAILABLE,NOT AVAILABLE,NOT AVAILABLE,0,1
h02/2014,-1,0,0,1,NOT AVAILABLE,1,0,0,1,1,1,-1,1,NOT AVAILABLE,-1,0,0,0,NOT AVAILABLE,0,NOT AVAILABLE,1,-1,0,1,-1,-1,1,1,0,0,NOT AVAILABLE,0,NOT AVAILABLE,1,1,0,0,NOT AVAILABLE,1,NOT AVAILABLE,0,0,0,1,0,NOT AVAILABLE,NOT AVAILABLE,1,1,0,1,1,-1,1,1,0,-1,0,1,0,1,1,1,0,1,NOT AVAILABLE,NOT AVAILABLE,0,0,0,1,NOT AVAILABLE,1,1,0,0,1,1,0,0,1,NOT AVAILABLE,NOT AVAILABLE,NOT AVAILABLE,1,1,-1,1,0,0,0,NOT AVAILABLE,1,1,NOT AVAILABLE,NOT AVAILABLE,1,0,0,NOT AVAILABLE,1,1,NOT AVAILABLE,1,0,-1,1,1,NOT AVAILABLE,1,0,1,1,0,1,1,0,NOT AVAILABLE,0,0,1,0,0,0,1,1,1,1,NOT AVAILABLE,0,0,NOT AVAILABLE,NOT AVAILABLE,NOT AVAILABLE,NOT AVAILABLE,1,NOT AVAILABLE,1,1,0,0,NOT AVAILABLE,1,0,0,0,-1,0,NOT AVAILABLE,NOT AVAILABLE,NOT AVAILABLE,1,1
h01/2015,1,0,0,0,NOT AVAILABLE,0,0,-1,0,-1,-1,1,0,NOT AVAILABLE,1,1,0,0,NOT AVAILABLE,-1,NOT AVAILABLE,-1,-1,0,-1,NOT AVAILABLE,1,0,-1,-1,NOT AVAILABLE,NOT AVAILABLE,1,NOT AVAILABLE,-1,NOT AVAILABLE,-1,NOT AVAILABLE,NOT AVAILABLE,0,NOT AVAILABLE,-1,0,-1,0,-1,NOT AVAILABLE,NOT AVAILABLE,-1,0,0,0,-1,-1,-1,-1,0,-1,-1,-1,-1,-1,-1,-1,0,-1,NOT AVAILABLE,NOT AVAILABLE,1,-1,-1,-1,NOT AVAILABLE,0,-1,-1,0,-1,1,-1,0,-1,NOT AVAILABLE,-1,NOT AVAILABLE,-1,-1,-1,0,NOT AVAILABLE,0,0,NOT AVAILABLE,-1,-1,NOT AVAILABLE,NOT AVAILABLE,1,-1,-1,NOT AVAILABLE,0,-1,NOT AVAILABLE,-1,0,-1,0,-1,NOT AVAILABLE,0,1,-1,-1,0,0,1,0,NOT AVAILABLE,-1,0,0,0,0,-1,0,1,-1,1,0,-1,0,NOT AVAILABLE,NOT AVAILABLE,NOT AVAILABLE,NOT AVAILABLE,-1,NOT AVAILABLE,1,0,0,NOT AVAILABLE,NOT AVAILABLE,0,-1,0,0,NOT AVAILABLE,0,NOT AVAILABLE,NOT AVAILABLE,NOT AVAILABLE,-1,-1
h02/2015,-1,0,-1,0,NOT AVAILABLE,0,-1,0,1,-1,-1,0,0,NOT AVAILABLE,-1,0,0,0,NOT AVAILABLE,0,NOT AVAILABLE,0,0,0,0,-1,-1,0,1,-1,NOT AVAILABLE,NOT AVAILABLE,-1,NOT AVAILABLE,-1,-1,0,NOT AVAILABLE,NOT AVAILABLE,1,NOT AVAILABLE,0,0,0,-1,0,NOT AVAILABLE,NOT AVAILABLE,0,0,0,0,-1,1,0,0,0,0,0,0,0,0,-1,0,0,1,NOT AVAILABLE,-1,-1,-1,1,1,NOT AVAILABLE,0,0,0,0,1,1,0,0,0,NOT AVAILABLE,0,NOT AVAILABLE,-1,-1,1,0,1,1,1,NOT AVAILABLE,0,0,NOT AVAILABLE,NOT AVAILABLE,1,-1,0,NOT AVAILABLE,-1,0,NOT AVAILABLE,0,-1,1,0,0,NOT AVAILABLE,-1,0,0,1,0,0,0,0,NOT AVAILABLE,1,0,0,0,1,0,0,-1,-1,0,-1,0,1,NOT AVAILABLE,NOT AVAILABLE,NOT AVAILABLE,NOT AVAILABLE,1,NOT AVAILABLE,-1,0,-1,1,0,0,0,-1,0,0,0,NOT AVAILABLE,1,NOT AVAILABLE,-1,0
h01/2016,1,-1,1,0,NOT AVAILABLE,0,1,0,0,0,1,-1,0,NOT AVAILABLE,1,0,0,-1,NOT AVAILABLE,0,NOT AVAILABLE,0,0,0,0,NOT AVAILABLE,1,1,0,0,0,NOT AVAILABLE,1,NOT AVAILABLE,1,-1,-1,NOT AVAILABLE,NOT AVAILABLE,1,NOT AVAILABLE,0,1,0,1,0,NOT AVAILABLE,NOT AVAILABLE,0,0,0,0,-1,1,0,0,1,1,0,0,1,1,0,0,0,0,0,NOT AVAILABLE,-1,-1,-1,0,NOT AVAILABLE,1,1,0,1,1,0,-1,0,0,NOT AVAILABLE,0,NOT AVAILABLE,1,1,1,-1,-1,-1,0,NOT AVAILABLE,-1,0,NOT AVAILABLE,0,0,-1,1,NOT AVAILABLE,1,0,NOT AVAILABLE,0,1,1,1,0,NOT AVAILABLE,0,1,-1,NOT AVAILABLE,0,1,-1,0,NOT AVAILABLE,0,0,0,0,0,1,1,0,0,0,0,0,0,NOT AVAILABLE,NOT AVAILABLE,NOT AVAILABLE,NOT AVAILABLE,0,NOT AVAILABLE,0,1,-1,NOT AVAILABLE,-1,0,0,1,0,NOT AVAILABLE,1,NOT AVAILABLE,0,NOT AVAILABLE,1,0
h02/2016,1,0,-1,0,1,0,-1,0,0,0,1,0,-1,NOT AVAILABLE,1,0,0,0,NOT AVAILABLE,0,NOT AVAILABLE,-1,0,0,1,1,0,0,0,0,1,NOT AVAILABLE,-1,NOT AVAILABLE,0,0,0,NOT AVAILABLE,NOT AVAILABLE,0,NOT AVAILABLE,-1,-1,0,-1,0,1,NOT AVAILABLE,-1,-1,1,0,-1,1,1,0,-1,1,-1,1,-1,0,0,0,0,0,0,NOT AVAILABLE,1,0,1,-1,NOT AVAILABLE,0,0,0,-1,0,0,0,0,-1,1,0,NOT AVAILABLE,0,0,0,0,1,1,0,NOT AVAILABLE,1,0,0,-1,0,0,0,NOT AVAILABLE,0,-1,NOT AVAILABLE,1,-1,0,0,0,NOT AVAILABLE,0,0,1,0,-1,-1,-1,0,NOT AVAILABLE,-1,-1,0,1,1,0,0,-1,1,0,-1,0,0,NOT AVAILABLE,NOT AVAILABLE,NOT AVAILABLE,-1,-1,NOT AVAILABLE,0,0,0,NOT AVAILABLE,-1,1,0,0,0,NOT AVAILABLE,1,NOT AVAILABLE,-1,NOT AVAILABLE,1,0
h01/2017,-1,0,1,1,NOT AVAILABLE,0,1,0,1,1,-1,1,0,NOT AVAILABLE,1,0,1,-1,1,1,-1,0,-1,1,1,0,1,1,0,0,0,NOT AVAILABLE,0,NOT AVAILABLE,1,0,1,-1,NOT AVAILABLE,1,NOT AVAILABLE,1,-1,0,1,1,NOT AVAILABLE,NOT AVAILABLE,0,0,0,1,-1,1,1,0,1,0,0,1,0,1,1,1,1,1,1,NOT AVAILABLE,1,1,NOT AVAILABLE,1,NOT AVAILABLE,1,1,1,1,1,1,0,0,0,1,1,NOT AVAILABLE,1,1,0,0,NOT AVAILABLE,-1,1,NOT AVAILABLE,1,1,1,1,1,0,1,NOT AVAILABLE,1,0,NOT AVAILABLE,1,1,1,1,1,NOT AVAILABLE,1,1,1,0,0,1,1,0,NOT AVAILABLE,1,1,0,1,1,0,1,1,0,1,0,1,1,NOT AVAILABLE,NOT AVAILABLE,NOT AVAILABLE,0,1,1,1,-1,1,NOT AVAILABLE,-1,1,1,1,0,-1,1,NOT AVAILABLE,1,NOT AVAILABLE,1,1
h02/2017,1,-1,0,1,1,0,0,0,0,0,1,1,-1,NOT AVAILABLE,0,0,0,1,1,1,1,0,0,-1,0,0,1,1,0,0,-1,NOT AVAILABLE,1,NOT AVAILABLE,1,1,-1,-1,NOT AVAILABLE,-1,NOT AVAILABLE,0,0,0,1,0,-1,NOT AVAILABLE,0,0,0,0,0,1,0,-1,0,0,1,1,1,1,1,-1,-1,-1,0,NOT AVAILABLE,1,-1,0,0,0,0,0,-1,0,1,0,1,1,-1,1,1,NOT AVAILABLE,0,0,0,0,1,1,0,NOT AVAILABLE,0,1,0,-1,1,-1,-1,NOT AVAILABLE,1,0,NOT AVAILABLE,0,0,0,0,0,NOT AVAILABLE,0,0,1,0,0,1,0,1,NOT AVAILABLE,1,0,0,0,0,1,0,1,0,0,0,1,1,0,NOT AVAILABLE,NOT AVAILABLE,0,0,0,0,0,1,NOT AVAILABLE,0,0,-1,0,0,0,1,NOT AVAILABLE,1,NOT AVAILABLE,1,1
h01/2018,1,0,-1,0,0,-1,-1,-1,-1,0,-1,-1,NOT AVAILABLE,NOT AVAILABLE,0,-1,-1,0,0,-1,-1,-1,-1,-1,-1,NOT AVAILABLE,-1,0,-1,-1,NOT AVAILABLE,-1,0,NOT AVAILABLE,-1,1,-1,0,NOT AVAILABLE,-1,NOT AVAILABLE,-1,-1,-1,-1,0,NOT AVAILABLE,0,-1,-1,-1,-1,-1,0,0,-1,-1,-1,-1,-1,0,-1,1,-1,-1,-1,0,0,-1,-1,-1,-1,-1,-1,-1,-1,-1,-1,-1,-1,-1,-1,0,-1,1,-1,-1,-1,-1,-1,0,-1,NOT AVAILABLE,1,0,-1,-1,-1,-1,-1,NOT AVAILABLE,-1,-1,NOT AVAILABLE,-1,-1,-1,0,-1,NOT AVAILABLE,-1,-1,0,0,0,-1,0,-1,NOT AVAILABLE,-1,1,0,-1,-1,0,-1,-1,-1,-1,-1,-1,-1,0,NOT AVAILABLE,NOT AVAILABLE,0,0,0,1,-1,-1,NOT AVAILABLE,-1,-1,-1,-1,-1,NOT AVAILABLE,0,NOT AVAILABLE,-1,NOT AVAILABLE,-1,-1
h02/2018,-1,-1,0,-1,1,0,0,-1,-1,-1,-1,-1,NOT AVAILABLE,NOT AVAILABLE,-1,0,-1,-1,-1,-1,-1,-1,0,0,0,NOT AVAILABLE,0,0,-1,0,NOT AVAILABLE,-1,0,NOT AVAILABLE,0,-1,-1,1,NOT AVAILABLE,-1,NOT AVAILABLE,-1,-1,-1,0,0,NOT AVAILABLE,0,0,-1,0,-1,-1,-1,-1,-1,-1,-1,-1,0,0,0,0,-1,-1,0,0,-1,0,-1,-1,0,-1,-1,-1,-1,-1,0,-1,-1,0,-1,0,-1,-1,-1,0,-1,0,-1,1,-1,NOT AVAILABLE,-1,-1,-1,-1,-1,-1,-1,1,-1,-1,NOT AVAILABLE,0,-1,0,-1,-1,NOT AVAILABLE,-1,-1,0,-1,0,-1,-1,-1,NOT AVAILABLE,-1,-1,0,0,-1,-1,0,-1,-1,-1,-1,-1,-1,-1,-1,NOT AVAILABLE,0,0,0,-1,-1,-1,-1,0,-1,-1,0,-1,NOT AVAILABLE,-1,NOT AVAILABLE,-1,NOT AVAILABLE,-1,-1
q01/2012,0,1,1,0,NOT AVAILABLE,0,1,-1,0,1,0,0,NOT AVAILABLE,NOT AVAILABLE,1,0,0,0,NOT AVAILABLE,0,NOT AVAILABLE,1,0,0,0,1,1,0,-1,0,0,NOT AVAILABLE,0,NOT AVAILABLE,1,NOT AVAILABLE,0,NOT AVAILABLE,NOT AVAILABLE,1,NOT AVAILABLE,0,0,0,0,0,NOT AVAILABLE,NOT AVAILABLE,0,1,1,0,0,0,1,1,1,1,0,1,0,1,0,1,1,0,NOT AVAILABLE,NOT AVAILABLE,0,0,0,1,NOT AVAILABLE,1,1,0,1,1,0,0,0,0,NOT AVAILABLE,NOT AVAILABLE,NOT AVAILABLE,0,1,1,-1,NOT AVAILABLE,0,0,NOT AVAILABLE,1,1,NOT AVAILABLE,NOT AVAILABLE,1,NOT AVAILABLE,0,NOT AVAILABLE,NOT AVAILABLE,0,NOT AVAILABLE,0,1,0,1,0,NOT AVAILABLE,NOT AVAILABLE,0,0,-1,1,0,1,1,NOT AVAILABLE,0,0,0,0,0,0,1,0,0,0,NOT AVAILABLE,0,0,NOT AVAILABLE,NOT AVAILABLE,NOT AVAILABLE,NOT AVAILABLE,0,NOT AVAILABLE,1,NOT AVAILABLE,0,NOT AVAILABLE,NOT AVAILABLE,1,NOT AVAILABLE,1,0,NOT AVAILABLE,0,NOT AVAILABLE,NOT AVAILABLE,NOT AVAILABLE,NOT AVAILABLE,1
q02/2012,-1,0,-1,-1,NOT AVAILABLE,0,0,-1,-1,0,-1,-1,1,NOT AVAILABLE,0,0,0,0,NOT AVAILABLE,-1,NOT AVAILABLE,0,-1,-1,0,0,-1,-1,0,-1,0,NOT AVAILABLE,-1,NOT AVAILABLE,-1,0,-1,NOT AVAILABLE,NOT AVAILABLE,1,NOT AVAILABLE,0,0,0,1,-1,NOT AVAILABLE,NOT AVAILABLE,0,-1,0,-1,1,0,-1,0,-1,0,-1,-1,-1,-1,1,0,-1,0,NOT AVAILABLE,NOT AVAILABLE,0,0,-1,0,NOT AVAILABLE,0,0,0,0,0,-1,-1,-1,-1,NOT AVAILABLE,NOT AVAILABLE,NOT AVAILABLE,1,-1,-1,0,NOT AVAILABLE,0,0,-1,0,0,NOT AVAILABLE,NOT AVAILABLE,-1,NOT AVAILABLE,1,NOT AVAILABLE,NOT AVAILABLE,0,NOT AVAILABLE,0,0,-1,0,0,NOT AVAILABLE,1,0,0,-1,-1,-1,0,0,NOT AVAILABLE,-1,-1,0,-1,0,0,0,0,0,0,NOT AVAILABLE,-1,0,NOT AVAILABLE,NOT AVAILABLE,NOT AVAILABLE,NOT AVAILABLE,0,NOT AVAILABLE,0,NOT AVAILABLE,-1,NOT AVAILABLE,NOT AVAILABLE,0,NOT AVAILABLE,0,-1,0,1,NOT AVAILABLE,NOT AVAILABLE,NOT AVAILABLE,NOT AVAILABLE,0
q03/2012,0,0,1,0,NOT AVAILABLE,0,1,0,-1,1,-1,0,1,NOT AVAILABLE,0,1,0,1,NOT AVAILABLE,0,NOT AVAILABLE,-1,0,-1,1,0,1,0,0,0,0,NOT AVAILABLE,1,NOT AVAILABLE,1,-1,0,NOT AVAILABLE,NOT AVAILABLE,1,NOT AVAILABLE,0,1,0,0,0,NOT AVAILABLE,NOT AVAILABLE,0,0,0,0,0,0,0,1,1,0,0,-1,-1,1,1,0,0,-1,NOT AVAILABLE,NOT AVAILABLE,-1,0,0,0,NOT AVAILABLE,1,1,1,0,0,0,0,0,0,NOT AVAILABLE,NOT AVAILABLE,NOT AVAILABLE,0,0,0,-1,0,1,0,-1,0,0,NOT AVAILABLE,NOT AVAILABLE,0,NOT AVAILABLE,0,NOT AVAILABLE,NOT AVAILABLE,-1,NOT AVAILABLE,0,0,-1,1,0,NOT AVAILABLE,0,0,1,-1,0,0,-1,1,NOT AVAILABLE,-1,0,0,0,-1,1,1,-1,0,-1,NOT AVAILABLE,0,0,NOT AVAILABLE,NOT AVAILABLE,NOT AVAILABLE,NOT AVAILABLE,0,NOT AVAILABLE,-1,NOT AVAILABLE,-1,1,NOT AVAILABLE,-1,NOT AVAILABLE,1,0,1,1,NOT AVAILABLE,NOT AVAILABLE,-1,NOT AVAILABLE,1
q04/2012,0,0,0,0,NOT AVAILABLE,-1,0,0,0,0,0,-1,1,NOT AVAILABLE,-1,-1,0,0,NOT AVAILABLE,0,NOT AVAILABLE,1,0,0,-1,0,1,0,0,0,0,NOT AVAILABLE,-1,NOT AVAILABLE,-1,0,0,NOT AVAILABLE,NOT AVAILABLE,0,NOT AVAILABLE,-1,0,0,1,0,NOT AVAILABLE,NOT AVAILABLE,-1,-1,1,1,-1,0,0,1,-1,-1,1,-1,0,0,-1,0,-1,0,NOT AVAILABLE,NOT AVAILABLE,1,0,0,1,NOT AVAILABLE,1,1,0,-1,0,0,1,0,-1,NOT AVAILABLE,NOT AVAILABLE,NOT AVAILABLE,-1,1,0,0,1,-1,0,1,1,1,NOT AVAILABLE,NOT AVAILABLE,-1,-1,0,NOT AVAILABLE,NOT AVAILABLE,0,NOT AVAILABLE,1,-1,0,1,0,NOT AVAILABLE,0,0,0,0,0,0,0,0,NOT AVAILABLE,0,-1,0,0,0,1,1,-1,0,0,NOT AVAILABLE,0,1,NOT AVAILABLE,NOT AVAILABLE,NOT AVAILABLE,NOT AVAILABLE,1,NOT AVAILABLE,0,NOT AVAILABLE,0,-1,NOT AVAILABLE,-1,NOT AVAILABLE,0,0,0,-1,NOT AVAILABLE,NOT AVAILABLE,-1,NOT AVAILABLE,-1
q01/2013,0,0,-1,-1,NOT AVAILABLE,-1,-1,-1,-1,0,-1,-1,NOT AVAILABLE,NOT AVAILABLE,-1,0,-1,0,NOT AVAILABLE,-1,NOT AVAILABLE,1,-1,-1,-1,NOT AVAILABLE,-1,-1,NOT AVAILABLE,-1,NOT AVAILABLE,NOT AVAILABLE,1,NOT AVAILABLE,-1,NOT AVAILABLE,0,NOT AVAILABLE,NOT AVAILABLE,-1,NOT AVAILABLE,-1,NOT AVAILABLE,-1,-1,-1,NOT AVAILABLE,NOT AVAILABLE,-1,-1,-1,-1,-1,-1,-1,-1,-1,-1,NOT AVAILABLE,-1,-1,-1,-1,-1,-1,-1,NOT AVAILABLE,NOT AVAILABLE,NOT AVAILABLE,-1,-1,0,NOT AVAILABLE,-1,-1,-1,-1,-1,-1,-1,-1,-1,NOT AVAILABLE,NOT AVAILABLE,NOT AVAILABLE,-1,-1,-1,0,NOT AVAILABLE,NOT AVAILABLE,-1,NOT AVAILABLE,-1,-1,NOT AVAILABLE,NOT AVAILABLE,-1,0,-1,NOT AVAILABLE,NOT AVAILABLE,-1,NOT AVAILABLE,-1,-1,-1,0,-1,NOT AVAILABLE,-1,-1,-1,NOT AVAILABLE,-1,-1,-1,0,NOT AVAILABLE,-1,-1,-1,-1,-1,-1,-1,-1,0,1,NOT AVAILABLE,-1,-1,NOT AVAILABLE,NOT AVAILABLE,NOT AVAILABLE,NOT AVAILABLE,-1,NOT AVAILABLE,-1,NOT AVAILABLE,-1,NOT AVAILABLE,NOT AVAILABLE,-1,NOT AVAILABLE,-1,-1,NOT AVAILABLE,-1,NOT AVAILABLE,NOT AVAILABLE,NOT AVAILABLE,-1,-1
q02/2013,1,-1,0,0,NOT AVAILABLE,-1,0,-1,0,0,-1,0,NOT AVAILABLE,NOT AVAILABLE,-1,1,0,0,NOT AVAILABLE,0,NOT AVAILABLE,1,1,-1,0,0,0,-1,-1,-1,NOT AVAILABLE,NOT AVAILABLE,0,NOT AVAILABLE,0,NOT AVAILABLE,-1,NOT AVAILABLE,NOT AVAILABLE,0,NOT AVAILABLE,-1,-1,0,-1,0,NOT AVAILABLE,NOT AVAILABLE,0,-1,0,-1,0,0,1,-1,0,-1,NOT AVAILABLE,0,-1,1,-1,0,-1,0,NOT AVAILABLE,NOT AVAILABLE,NOT AVAILABLE,0,-1,0,NOT AVAILABLE,-1,1,0,0,0,-1,0,0,1,NOT AVAILABLE,NOT AVAILABLE,NOT AVAILABLE,0,-1,-1,1,NOT AVAILABLE,NOT AVAILABLE,0,NOT AVAILABLE,0,0,NOT AVAILABLE,NOT AVAILABLE,-1,0,-1,NOT AVAILABLE,NOT AVAILABLE,-1,NOT AVAILABLE,0,0,0,0,0,NOT AVAILABLE,0,-1,0,NOT AVAILABLE,0,0,-1,0,NOT AVAILABLE,-1,-1,1,-1,0,0,1,0,0,1,NOT AVAILABLE,-1,0,NOT AVAILABLE,NOT AVAILABLE,NOT AVAILABLE,NOT AVAILABLE,0,NOT AVAILABLE,1,NOT AVAILABLE,0,NOT AVAILABLE,NOT AVAILABLE,0,NOT AVAILABLE,0,0,NOT AVAILABLE,-1,NOT AVAILABLE,NOT AVAILABLE,NOT AVAILABLE,-1,-1
q03/2013,1,0,-1,-1,NOT AVAILABLE,0,0,-1,0,0,0,-1,NOT AVAILABLE,NOT AVAILABLE,0,1,0,-1,NOT AVAILABLE,-1,NOT AVAILABLE,0,0,-1,0,0,0,0,0,0,NOT AVAILABLE,NOT AVAILABLE,-1,NOT AVAILABLE,1,0,-1,NOT AVAILABLE,NOT AVAILABLE,-1,NOT AVAILABLE,1,-1,0,-1,-1,NOT AVAILABLE,NOT AVAILABLE,0,0,1,0,0,-1,0,-1,0,1,0,-1,0,-1,-1,0,-1,0,NOT AVAILABLE,NOT AVAILABLE,-1,0,0,-1,NOT AVAILABLE,0,-1,-1,0,-1,-1,0,-1,0,NOT AVAILABLE,NOT AVAILABLE,NOT AVAILABLE,0,-1,0,-1,NOT AVAILABLE,NOT AVAILABLE,0,0,0,0,NOT AVAILABLE,NOT AVAILABLE,0,0,-1,NOT AVAILABLE,-1,0,NOT AVAILABLE,-1,0,0,-1,0,NOT AVAILABLE,-1,0,0,NOT AVAILABLE,0,-1,-1,-1,NOT AVAILABLE,0,-1,0,0,-1,0,-1,0,0,-1,NOT AVAILABLE,0,-1,NOT AVAILABLE,NOT AVAILABLE,NOT AVAILABLE,NOT AVAILABLE,0,NOT AVAILABLE,0,NOT AVAILABLE,-1,NOT AVAILABLE,NOT AVAILABLE,0,NOT AVAILABLE,0,1,0,0,NOT AVAILABLE,NOT AVAILABLE,NOT AVAILABLE,-1,0
q04/2013,0,0,0,1,NOT AVAILABLE,1,0,0,1,1,1,1,NOT AVAILABLE,NOT AVAILABLE,1,-1,0,-1,NOT AVAILABLE,1,NOT AVAILABLE,1,0,0,1,0,0,1,0,0,0,NOT AVAILABLE,0,NOT AVAILABLE,0,1,1,NOT AVAILABLE,NOT AVAILABLE,-1,NOT AVAILABLE,1,0,0,0,0,NOT AVAILABLE,NOT AVAILABLE,1,1,0,0,1,1,1,1,0,1,-1,0,1,0,0,1,1,1,NOT AVAILABLE,NOT AVAILABLE,-1,0,0,-1,NOT AVAILABLE,0,0,1,0,1,1,1,1,0,NOT AVAILABLE,NOT AVAILABLE,NOT AVAILABLE,1,0,1,0,-1,1,0,-1,1,0,NOT AVAILABLE,NOT AVAILABLE,0,1,1,NOT AVAILABLE,0,1,NOT AVAILABLE,0,0,0,0,1,NOT AVAILABLE,0,0,0,-1,1,0,0,0,NOT AVAILABLE,1,1,-1,0,0,0,0,0,-1,0,NOT AVAILABLE,1,-1,NOT AVAILABLE,NOT AVAILABLE,NOT AVAILABLE,NOT AVAILABLE,1,NOT AVAILABLE,1,0,1,1,NOT AVAILABLE,1,0,-1,0,0,0,NOT AVAILABLE,NOT AVAILABLE,-1,1,1
q01/2014,0,-1,1,0,NOT AVAILABLE,1,0,0,1,1,0,0,NOT AVAILABLE,NOT AVAILABLE,1,1,-1,1,NOT AVAILABLE,0,NOT AVAILABLE,0,1,0,0,0,1,0,1,-1,NOT AVAILABLE,NOT AVAILABLE,1,NOT AVAILABLE,-1,1,1,NOT AVAILABLE,NOT AVAILABLE,0,NOT AVAILABLE,-1,0,-1,-1,0,NOT AVAILABLE,NOT AVAILABLE,1,0,0,1,1,0,1,-1,0,-1,0,0,0,0,0,0,0,-1,NOT AVAILABLE,NOT AVAILABLE,NOT AVAILABLE,-1,0,-1,NOT AVAILABLE,0,1,0,0,1,1,-1,-1,1,NOT AVAILABLE,NOT AVAILABLE,NOT AVAILABLE,1,0,0,-1,NOT AVAILABLE,-1,0,NOT AVAILABLE,1,1,NOT AVAILABLE,NOT AVAILABLE,0,-1,0,NOT AVAILABLE,1,0,NOT AVAILABLE,0,1,-1,0,0,NOT AVAILABLE,-1,0,0,1,0,0,0,0,NOT AVAILABLE,0,1,0,0,-1,0,1,-1,0,0,NOT AVAILABLE,0,-1,NOT AVAILABLE,NOT AVAILABLE,NOT AVAILABLE,NOT AVAILABLE,0,NOT AVAILABLE,0,0,0,NOT AVAILABLE,NOT AVAILABLE,1,1,1,-1,NOT AVAILABLE,-1,NOT AVAILABLE,NOT AVAILABLE,NOT AVAILABLE,-1,0
q02/2014,0,1,1,1,NOT AVAILABLE,1,1,1,0,1,1,1,0,NOT AVAILABLE,1,-1,1,1,NOT AVAILABLE,1,NOT AVAILABLE,1,1,1,1,1,1,1,0,1,0,NOT AVAILABLE,1,NOT AVAILABLE,1,0,1,NOT AVAILABLE,NOT AVAILABLE,1,NOT AVAILABLE,1,1,1,1,1,NOT AVAILABLE,NOT AVAILABLE,1,1,1,1,0,1,1,1,1,1,1,1,1,1,1,1,1,1,NOT AVAILABLE,NOT AVAILABLE,NOT AVAILABLE,1,1,0,NOT AVAILABLE,1,1,1,1,1,1,1,0,1,NOT AVAILABLE,NOT AVAILABLE,NOT AVAILABLE,1,1,1,1,0,1,1,NOT AVAILABLE,0,1,NOT AVAILABLE,NOT AVAILABLE,1,1,1,NOT AVAILABLE,1,1,NOT AVAILABLE,1,1,1,1,1,NOT AVAILABLE,1,1,1,-1,1,1,1,1,NOT AVAILABLE,1,1,0,1,1,1,1,1,1,0,NOT AVAILABLE,1,0,NOT AVAILABLE,NOT AVAILABLE,NOT AVAILABLE,NOT AVAILABLE,1,NOT AVAILABLE,1,0,1,1,NOT AVAILABLE,1,1,1,1,0,1,NOT AVAILABLE,NOT AVAILABLE,NOT AVAILABLE,1,1
q03/2014,-1,0,0,0,NOT AVAILABLE,0,0,0,0,0,0,-1,1,NOT AVAILABLE,0,0,0,0,NOT AVAILABLE,1,NOT AVAILABLE,1,0,0,0,-1,0,0,0,0,0,NOT AVAILABLE,0,NOT AVAILABLE,1,1,1,-1,NOT AVAILABLE,1,NOT AVAILABLE,0,1,-1,1,-1,NOT AVAILABLE,NOT AVAILABLE,1,1,1,1,0,0,1,0,1,0,1,0,0,1,1,1,0,1,NOT AVAILABLE,NOT AVAILABLE,-1,1,0,-1,NOT AVAILABLE,1,1,1,0,0,0,0,0,1,NOT AVAILABLE,NOT AVAILABLE,NOT AVAILABLE,0,1,-1,1,0,1,0,1,1,0,NOT AVAILABLE,NOT AVAILABLE,0,-1,-1,NOT AVAILABLE,1,1,NOT AVAILABLE,1,0,0,1,0,NOT AVAILABLE,1,0,1,0,0,1,0,1,NOT AVAILABLE,0,1,1,0,0,1,1,1,0,0,NOT AVAILABLE,0,-1,NOT AVAILABLE,NOT AVAILABLE,NOT AVAILABLE,NOT AVAILABLE,0,NOT AVAILABLE,1,1,-1,-1,NOT AVAILABLE,1,1,0,1,-1,0,NOT AVAILABLE,NOT AVAILABLE,NOT AVAILABLE,1,0
q04/2014,-1,0,0,1,NOT AVAILABLE,1,1,0,0,0,1,0,1,NOT AVAILABLE,-1,-1,0,-1,NOT AVAILABLE,-1,NOT AVAILABLE,1,-1,0,0,0,0,0,1,1,0,NOT AVAILABLE,0,NOT AVAILABLE,0,0,0,1,NOT AVAILABLE,0,NOT AVAILABLE,0,-1,0,1,0,NOT AVAILABLE,NOT AVAILABLE,1,1,-1,0,1,-1,0,1,0,-1,-1,-1,-1,-1,0,0,-1,0,NOT AVAILABLE,NOT AVAILABLE,1,0,0,1,NOT AVAILABLE,1,1,0,0,1,0,0,-1,1,NOT AVAILABLE,NOT AVAILABLE,NOT AVAILABLE,0,1,0,0,0,0,0,1,1,1,NOT AVAILABLE,NOT AVAILABLE,0,0,0,NOT AVAILABLE,1,1,NOT AVAILABLE,0,0,0,0,1,NOT AVAILABLE,0,0,0,1,0,-1,1,-1,NOT AVAILABLE,0,-1,0,-1,0,-1,1,1,1,1,0,0,0,NOT AVAILABLE,NOT AVAILABLE,NOT AVAILABLE,NOT AVAILABLE,1,NOT AVAILABLE,0,1,0,1,NOT AVAILABLE,1,0,0,-1,0,0,NOT AVAILABLE,NOT AVAILABLE,NOT AVAILABLE,1,1
q01/2015,0,-1,1,0,NOT AVAILABLE,0,1,-1,1,-1,0,1,1,NOT AVAILABLE,0,0,0,-1,NOT AVAILABLE,-1,NOT AVAILABLE,0,-1,1,-1,NOT AVAILABLE,0,1,-1,0,NOT AVAILABLE,NOT AVAILABLE,1,NOT AVAILABLE,-1,NOT AVAILABLE,0,NOT AVAILABLE,NOT AVAILABLE,-1,NOT AVAILABLE,0,0,0,0,-1,NOT AVAILABLE,NOT AVAILABLE,-1,1,0,-1,0,-1,-1,-1,0,0,-1,-1,-1,0,-1,-1,0,-1,NOT AVAILABLE,NOT AVAILABLE,0,-1,0,0,NOT AVAILABLE,0,-1,-1,0,-1,1,-1,-1,-1,NOT AVAILABLE,-1,NOT AVAILABLE,-1,-1,-1,0,NOT AVAILABLE,1,0,NOT AVAILABLE,0,0,NOT AVAILABLE,NOT AVAILABLE,0,0,-1,NOT AVAILABLE,0,-1,NOT AVAILABLE,-1,1,-1,0,-1,NOT AVAILABLE,-1,-1,-1,-1,0,0,1,0,NOT AVAILABLE,-1,-1,0,0,-1,-1,1,1,0,0,-1,-1,0,NOT AVAILABLE,NOT AVAILABLE,NOT AVAILABLE,NOT AVAILABLE,0,NOT AVAILABLE,1,0,0,NOT AVAILABLE,NOT AVAILABLE,-1,-1,0,0,NOT AVAILABLE,-1,NOT AVAILABLE,NOT AVAILABLE,NOT AVAILABLE,0,-1
q02/2015,1,0,-1,0,NOT AVAILABLE,-1,-1,-1,0,0,0,0,-1,NOT AVAILABLE,0,1,0,1,NOT AVAILABLE,-1,NOT AVAILABLE,0,-1,-1,-1,NOT AVAILABLE,0,-1,0,0,NOT AVAILABLE,NOT AVAILABLE,0,NOT AVAILABLE,-1,NOT AVAILABLE,-1,NOT AVAILABLE,NOT AVAILABLE,0,NOT AVAILABLE,-1,0,-1,0,-1,NOT AVAILABLE,NOT AVAILABLE,-1,0,0,1,0,-1,0,-1,-1,-1,-1,-1,-1,-1,-1,-1,0,0,NOT AVAILABLE,NOT AVAILABLE,0,-1,-1,-1,NOT AVAILABLE,-1,-1,-1,0,0,1,0,0,0,NOT AVAILABLE,-1,NOT AVAILABLE,-1,-1,0,0,NOT AVAILABLE,-1,-1,NOT AVAILABLE,-1,-1,NOT AVAILABLE,NOT AVAILABLE,1,0,-1,NOT AVAILABLE,0,-1,NOT AVAILABLE,-1,0,-1,0,-1,NOT AVAILABLE,1,1,-1,0,0,-1,1,-1,NOT AVAILABLE,0,1,0,0,0,-1,0,1,-1,1,0,-1,-1,NOT AVAILABLE,NOT AVAILABLE,NOT AVAILABLE,NOT AVAILABLE,-1,NOT AVAILABLE,0,0,1,NOT AVAILABLE,0,0,-1,0,1,0,0,NOT AVAILABLE,1,NOT AVAILABLE,-1,-1
q03/2015,0,0,-1,0,NOT AVAILABLE,0,-1,-1,0,0,-1,-1,-1,NOT AVAILABLE,0,-1,-1,-1,NOT AVAILABLE,0,NOT AVAILABLE,1,0,0,1,-1,-1,0,1,-1,-1,NOT AVAILABLE,-1,NOT AVAILABLE,-1,0,-1,-1,NOT AVAILABLE,0,NOT AVAILABLE,-1,0,-1,-1,-1,NOT AVAILABLE,NOT AVAILABLE,-1,0,0,0,0,0,0,0,0,0,0,-1,0,0,0,0,-1,0,NOT AVAILABLE,-1,0,0,0,0,NOT AVAILABLE,0,1,0,-1,0,1,-1,0,-1,NOT AVAILABLE,-1,NOT AVAILABLE,-1,-1,0,0,1,-1,1,NOT AVAILABLE,0,-1,NOT AVAILABLE,NOT AVAILABLE,1,-1,-1,NOT AVAILABLE,-1,-1,NOT AVAILABLE,-1,-1,0,-1,-1,NOT AVAILABLE,0,0,0,1,0,0,0,0,NOT AVAILABLE,1,0,-1,0,0,-1,0,-1,0,0,0,-1,0,NOT AVAILABLE,NOT AVAILABLE,NOT AVAILABLE,NOT AVAILABLE,0,NOT AVAILABLE,-1,1,-1,1,-1,0,0,-1,0,-1,0,NOT AVAILABLE,1,NOT AVAILABLE,-1,-1
q04/2015,-1,0,0,0,NOT AVAILABLE,0,-1,0,1,-1,0,1,0,NOT AVAILABLE,-1,1,0,1,NOT AVAILABLE,0,NOT AVAILABLE,-1,0,0,-1,0,1,0,1,0,1,NOT AVAILABLE,-1,NOT AVAILABLE,0,-1,0,1,NOT AVAILABLE,1,NOT AVAILABLE,0,1,1,-1,1,NOT AVAILABLE,NOT AVAILABLE,0,-1,0,0,-1,1,0,1,1,0,0,0,1,0,0,1,0,0,NOT AVAILABLE,0,-1,0,1,1,NOT AVAILABLE,0,-1,0,1,0,1,1,1,0,NOT AVAILABLE,0,NOT AVAILABLE,0,-1,1,-1,1,1,-1,-1,-1,1,NOT AVAILABLE,1,1,-1,0,NOT AVAILABLE,-1,1,NOT AVAILABLE,1,-1,1,1,0,NOT AVAILABLE,-1,0,0,1,0,0,1,1,NOT AVAILABLE,1,-1,0,0,1,1,-1,0,-1,0,-1,1,1,NOT AVAILABLE,NOT AVAILABLE,NOT AVAILABLE,NOT AVAILABLE,0,NOT AVAILABLE,0,0,1,-1,0,0,0,0,0,1,-1,NOT AVAILABLE,1,NOT AVAILABLE,0,1
q01/2016,1,-1,0,-1,NOT AVAILABLE,-1,0,0,-1,1,0,-1,-1,NOT AVAILABLE,-1,-1,-1,-1,NOT AVAILABLE,-1,NOT AVAILABLE,-1,0,-1,0,NOT AVAILABLE,0,-1,-1,-1,-1,NOT AVAILABLE,0,NOT AVAILABLE,0,0,-1,NOT AVAILABLE,NOT AVAILABLE,-1,NOT AVAILABLE,0,0,-1,0,0,NOT AVAILABLE,NOT AVAILABLE,-1,-1,-1,-1,-1,0,-1,-1,0,0,0,-1,-1,0,-1,-1,-1,-1,-1,NOT AVAILABLE,-1,-1,-1,-1,NOT AVAILABLE,0,0,-1,0,0,-1,-1,-1,0,NOT AVAILABLE,-1,NOT AVAILABLE,-1,0,-1,-1,-1,0,-1,NOT AVAILABLE,-1,-1,NOT AVAILABLE,-1,-1,0,0,NOT AVAILABLE,0,-1,NOT AVAILABLE,0,0,-1,0,-1,NOT AVAILABLE,-1,-1,-1,NOT AVAILABLE,-1,0,-1,0,NOT AVAILABLE,-1,-1,-1,-1,-1,0,0,-1,0,0,-1,-1,-1,NOT AVAILABLE,NOT AVAILABLE,NOT AVAILABLE,NOT AVAILABLE,0,NOT AVAILABLE,0,0,-1,NOT AVAILABLE,-1,-1,-1,1,-1,NOT AVAILABLE,0,NOT AVAILABLE,0,NOT AVAILABLE,-1,-1
q02/2016,1,0,1,0,NOT AVAILABLE,1,0,0,0,-1,0,-1,1,NOT AVAILABLE,1,0,1,-1,NOT AVAILABLE,1,NOT AVAILABLE,0,0,0,-1,NOT AVAILABLE,1,1,0,0,1,NOT AVAILABLE,0,NOT AVAILABLE,1,0,-1,NOT AVAILABLE,NOT AVAILABLE,1,NOT AVAILABLE,0,1,0,1,0,1,NOT AVAILABLE,1,1,-1,0,-1,1,0,0,1,0,0,0,0,1,0,1,1,0,0,NOT AVAILABLE,0,0,0,0,NOT AVAILABLE,0,1,0,1,0,0,0,0,1,0,0,NOT AVAILABLE,1,1,1,0,0,0,0,NOT AVAILABLE,-1,1,NOT AVAILABLE,1,1,-1,1,NOT AVAILABLE,1,1,NOT AVAILABLE,-1,1,1,1,0,NOT AVAILABLE,0,1,0,1,0,0,-1,0,NOT AVAILABLE,0,1,0,0,0,1,1,1,1,0,1,0,0,NOT AVAILABLE,NOT AVAILABLE,NOT AVAILABLE,NOT AVAILABLE,1,NOT AVAILABLE,0,0,-1,NOT AVAILABLE,1,0,0,0,0,NOT AVAILABLE,1,NOT AVAILABLE,-1,NOT AVAILABLE,0,1
q03/2016,0,0,0,0,1,0,0,0,0,1,0,0,-1,NOT AVAILABLE,1,-1,0,-1,NOT AVAILABLE,1,NOT AVAILABLE,-1,0,0,1,1,1,-1,0,0,1,NOT AVAILABLE,-1,NOT AVAILABLE,0,0,1,0,NOT AVAILABLE,-1,NOT AVAILABLE,0,-1,0,-1,-1,1,NOT AVAILABLE,-1,-1,1,0,0,0,1,0,0,1,0,0,-1,1,0,0,1,1,-1,NOT AVAILABLE,1,1,0,-1,NOT AVAILABLE,1,1,1,-1,0,-1,1,1,-1,1,-1,NOT AVAILABLE,-1,1,1,0,1,0,0,NOT AVAILABLE,1,0,-1,-1,0,0,-1,NOT AVAILABLE,1,-1,NOT AVAILABLE,0,0,0,0,-1,NOT AVAILABLE,0,0,0,-1,0,0,-1,1,NOT AVAILABLE,0,-1,0,0,1,0,1,-1,0,-1,-1,-1,0,NOT AVAILABLE,NOT AVAILABLE,NOT AVAILABLE,0,-1,NOT AVAILABLE,0,1,0,1,0,1,1,1,1,NOT AVAILABLE,1,NOT AVAILABLE,0,NOT AVAILABLE,0,-1
q04/2016,0,0,-1,0,1,0,-1,-1,0,-1,1,0,1,NOT AVAILABLE,0,0,0,0,0,-1,0,-1,-1,0,-1,1,-1,1,0,0,1,NOT AVAILABLE,-1,NOT AVAILABLE,0,1,-1,-1,NOT AVAILABLE,-1,NOT AVAILABLE,0,0,0,-1,0,1,NOT AVAILABLE,-1,-1,0,0,-1,0,-1,0,0,-1,-1,0,-1,-1,-1,0,-1,-1,-1,0,0,-1,1,-1,NOT AVAILABLE,-1,-1,-1,-1,-1,-1,0,0,-1,0,0,NOT AVAILABLE,0,-1,-1,-1,-1,1,0,NOT AVAILABLE,0,1,-1,-1,-1,0,0,NOT AVAILABLE,-1,-1,NOT AVAILABLE,1,-1,0,-1,0,NOT AVAILABLE,0,-1,0,0,0,-1,-1,-1,NOT AVAILABLE,-1,-1,0,0,1,-1,-1,-1,0,0,-1,-1,0,NOT AVAILABLE,NOT AVAILABLE,NOT AVAILABLE,-1,-1,NOT AVAILABLE,-1,-1,0,-1,-1,-1,-1,-1,-1,-1,0,NOT AVAILABLE,-1,NOT AVAILABLE,0,0
q01/2017,-1,0,0,1,NOT AVAILABLE,-1,1,0,1,0,-1,1,0,NOT AVAILABLE,1,0,0,0,1,0,-1,0,0,0,0,1,1,0,0,0,0,NOT AVAILABLE,1,NOT AVAILABLE,0,0,0,0,NOT AVAILABLE,1,NOT AVAILABLE,1,-1,0,0,0,NOT AVAILABLE,NOT AVAILABLE,1,0,0,0,-1,0,0,1,1,0,0,1,1,0,0,0,1,0,0,NOT AVAILABLE,1,1,NOT AVAILABLE,1,NOT AVAILABLE,1,1,0,0,1,1,0,0,0,0,0,NOT AVAILABLE,0,1,0,1,NOT AVAILABLE,0,0,NOT AVAILABLE,1,0,1,0,1,0,1,NOT AVAILABLE,0,0,NOT AVAILABLE,1,0,0,0,1,NOT AVAILABLE,1,1,1,-1,0,1,1,0,NOT AVAILABLE,0,1,0,0,1,0,1,1,1,1,1,0,1,NOT AVAILABLE,NOT AVAILABLE,NOT AVAILABLE,0,1,1,1,-1,0,NOT AVAILABLE,0,0,1,1,-1,-1,1,NOT AVAILABLE,1,NOT AVAILABLE,1,1
q02/2017,-1,1,0,0,0,0,0,0,-1,1,0,0,-1,NOT AVAILABLE,1,0,1,-1,0,1,-1,-1,-1,0,1,0,0,1,-1,0,0,NOT AVAILABLE,0,NOT AVAILABLE,1,0,1,0,NOT AVAILABLE,0,NOT AVAILABLE,0,-1,0,1,0,-1,NOT AVAILABLE,-1,0,-1,1,-1,0,0,-1,0,-1,-1,0,0,0,0,0,1,1,1,NOT AVAILABLE,0,1,-1,0,-1,0,0,1,0,-1,-1,-1,0,0,1,0,NOT AVAILABLE,0,0,-1,-1,NOT AVAILABLE,-1,0,NOT AVAILABLE,1,1,0,0,0,-1,0,NOT AVAILABLE,0,0,NOT AVAILABLE,1,0,0,0,0,NOT AVAILABLE,1,0,1,0,0,1,0,0,NOT AVAILABLE,0,1,-1,0,0,-1,0,0,0,0,-1,0,1,NOT AVAILABLE,NOT AVAILABLE,NOT AVAILABLE,-1,1,1,0,-1,1,NOT AVAILABLE,-1,0,0,0,0,-1,1,NOT AVAILABLE,0,NOT AVAILABLE,0,0
q03/2017,1,-1,0,0,1,0,1,0,0,0,0,0,0,NOT AVAILABLE,0,0,-1,1,0,0,1,-1,0,-1,-1,0,1,1,0,0,-1,NOT AVAILABLE,1,NOT AVAILABLE,0,-1,0,-1,NOT AVAILABLE,-1,NOT AVAILABLE,-1,0,0,0,0,0,NOT AVAILABLE,-1,-1,0,-1,0,1,-1,-1,0,-1,0,1,0,0,1,-1,-1,0,0,NOT AVAILABLE,0,-1,1,-1,-1,0,-1,-1,0,0,0,0,0,0,1,0,NOT AVAILABLE,0,0,-1,0,1,1,1,NOT AVAILABLE,-1,0,0,-1,0,-1,-1,NOT AVAILABLE,0,-1,NOT AVAILABLE,-1,-1,-1,0,1,NOT AVAILABLE,1,0,1,-1,0,0,-1,0,NOT AVAILABLE,1,-1,0,-1,-1,0,0,1,-1,0,-1,1,0,-1,NOT AVAILABLE,NOT AVAILABLE,-1,-1,0,0,-1,1,-1,0,-1,0,0,0,1,1,NOT AVAILABLE,1,1,1,0
q04/2017,1,0,0,1,0,1,0,0,0,1,0,1,0,NOT AVAILABLE,0,1,0,1,1,1,0,1,1,0,1,0,0,0,0,1,-1,0,0,NOT AVAILABLE,1,1,-1,0,NOT AVAILABLE,0,NOT AVAILABLE,1,0,0,1,1,-1,NOT AVAILABLE,1,0,0,1,0,0,1,0,0,0,0,0,1,1,0,0,0,-1,0,1,1,0,1,1,1,1,0,0,1,0,-1,0,1,-1,1,1,NOT AVAILABLE,1,0,0,-1,0,1,0,NOT AVAILABLE,1,1,0,0,0,-1,0,NOT AVAILABLE,0,0,NOT AVAILABLE,1,0,0,0,0,NOT AVAILABLE,0,0,1,1,0,0,1,0,NOT AVAILABLE,0,0,0,0,0,0,-1,1,1,0,1,0,0,1,1,NOT AVAILABLE,1,1,0,0,1,1,-1,0,1,0,0,0,-1,0,-1,1,1,0,1
q01/2018,0,0,-1,0,1,-1,-1,-1,-1,0,-1,-1,NOT AVAILABLE,NOT AVAILABLE,-1,-1,-1,0,1,-1,-1,-1,-1,0,-1,NOT AVAILABLE,-1,0,-1,-1,NOT AVAILABLE,-1,-1,NOT AVAILABLE,-1,0,-1,0,NOT AVAILABLE,-1,NOT AVAILABLE,-1,-1,-1,-1,0,NOT AVAILABLE,0,-1,-1,-1,-1,-1,-1,0,-1,-1,-1,-1,-1,-1,-1,0,-1,-1,-1,0,1,0,-1,-1,-1,-1,-1,0,0,-1,-1,-1,-1,-1,-1,-1,-1,0,-1,-1,-1,-1,-1,0,-1,NOT AVAILABLE,0,-1,-1,-1,-1,-1,-1,NOT AVAILABLE,-1,-1,NOT AVAILABLE,-1,0,-1,-1,-1,NOT AVAILABLE,-1,0,0,-1,-1,-1,0,-1,NOT AVAILABLE,-1,0,-1,-1,-1,-1,-1,-1,-1,-1,-1,-1,0,-1,NOT AVAILABLE,NOT AVAILABLE,-1,-1,-1,0,-1,-1,NOT AVAILABLE,-1,-1,-1,-1,-1,NOT AVAILABLE,0,NOT AVAILABLE,-1,NOT AVAILABLE,0,-1
q02/2018,0,-1,-1,-1,-1,-1,-1,-1,-1,-1,-1,-1,NOT AVAILABLE,NOT AVAILABLE,-1,0,-1,0,-1,-1,1,0,-1,-1,-1,NOT AVAILABLE,-1,0,-1,-1,NOT AVAILABLE,-1,0,NOT AVAILABLE,-1,1,-1,0,NOT AVAILABLE,-1,NOT AVAILABLE,-1,-1,-1,-1,-1,NOT AVAILABLE,0,0,0,-1,-1,0,0,0,-1,-1,0,0,-1,0,-1,0,-1,-1,-1,-1,-1,0,0,0,-1,-1,-1,-1,-1,0,-1,-1,-1,-1,-1,-1,-1,1,-1,-1,-1,0,0,0,-1,NOT AVAILABLE,0,0,-1,-1,-1,-1,-1,0,-1,0,NOT AVAILABLE,0,-1,-1,-1,-1,NOT AVAILABLE,-1,-1,-1,0,0,-1,0,-1,NOT AVAILABLE,-1,1,0,-1,-1,0,-1,-1,-1,-1,0,-1,-1,0,-1,NOT AVAILABLE,1,0,1,0,0,-1,NOT AVAILABLE,-1,-1,-1,-1,0,NOT AVAILABLE,-1,NOT AVAILABLE,-1,NOT AVAILABLE,-1,-1
q03/2018,0,-1,1,0,0,0,1,-1,0,-1,0,-1,NOT AVAILABLE,NOT AVAILABLE,0,0,0,0,-1,0,-1,-1,0,0,0,NOT AVAILABLE,0,0,-1,0,NOT AVAILABLE,0,0,NOT AVAILABLE,0,0,0,1,NOT AVAILABLE,0,NOT AVAILABLE,-1,-1,-1,1,0,NOT AVAILABLE,0,0,0,0,0,-1,-1,-1,0,1,0,0,0,0,1,1,0,0,0,-1,0,0,0,-1,-1,0,0,0,0,0,-1,0,-1,0,-1,-1,-1,0,0,1,0,-1,1,1,-1,NOT AVAILABLE,-1,-1,0,-1,0,-1,0,0,0,0,NOT AVAILABLE,1,0,1,0,0,NOT AVAILABLE,-1,-1,0,-1,0,0,-1,0,NOT AVAILABLE,-1,0,0,0,0,-1,0,-1,0,-1,0,0,-1,-1,0,NOT AVAILABLE,1,1,0,-1,0,0,-1,0,-1,-1,0,0,-1,0,-1,-1,NOT AVAILABLE,-1,-1
q04/2018,-1,1,0,0,1,1,0,0,1,1,0,0,1,NOT AVAILABLE,-1,1,0,0,-1,0,-1,1,0,0,1,0,1,0,0,-1,0,0,1,0,1,0,-1,1,NOT AVAILABLE,1,1,0,0,0,1,0,NOT AVAILABLE,0,1,0,0,0,0,0,0,0,-1,0,0,1,0,1,0,-1,0,1,1,-1,0,-1,-1,1,0,0,0,0,0,0,0,0,0,0,1,1,0,-1,0,0,-1,-1,0,-1,-1,1,0,-1,-1,0,1,0,1,-1,1,NOT AVAILABLE,0,0,0,0,0,NOT AVAILABLE,0,0,0,0,0,-1,0,0,NOT AVAILABLE,0,-1,1,0,-1,0,0,-1,0,0,0,0,1,-1,-1,NOT AVAILABLE,0,0,1,1,0,0,-1,0,0,0,0,0,1,0,0,1,NOT AVAILABLE,0,0
m01/2012,-1,0,1,1,NOT AVAILABLE,1,1,0,1,1,1,1,1,NOT AVAILABLE,1,0,0,1,NOT AVAILABLE,1,NOT AVAILABLE,1,0,1,1,0,1,0,0,0,0,NOT AVAILABLE,1,NOT AVAILABLE,0,NOT AVAILABLE,1,NOT AVAILABLE,NOT AVAILABLE,1,NOT AVAILABLE,0,-1,1,1,1,NOT AVAILABLE,NOT AVAILABLE,1,0,1,1,0,1,0,1,1,1,1,1,0,1,1,1,1,1,NOT AVAILABLE,NOT AVAILABLE,0,1,1,1,NOT AVAILABLE,1,1,1,1,1,1,1,0,1,NOT AVAILABLE,NOT AVAILABLE,NOT AVAILABLE,1,1,1,0,NOT AVAILABLE,0,0,-1,1,0,NOT AVAILABLE,NOT AVAILABLE,1,NOT AVAILABLE,1,NOT AVAILABLE,NOT AVAILABLE,1,NOT AVAILABLE,0,1,1,1,1,NOT AVAILABLE,1,0,1,0,0,0,0,1,NOT AVAILABLE,1,1,0,1,0,1,0,1,0,1,NOT AVAILABLE,1,1,NOT AVAILABLE,NOT AVAILABLE,NOT AVAILABLE,NOT AVAILABLE,1,NOT AVAILABLE,1,NOT AVAILABLE,1,1,NOT AVAILABLE,1,NOT AVAILABLE,1,0,0,1,NOT AVAILABLE,NOT AVAILABLE,-1,NOT AVAILABLE,0
m02/2012,1,1,0,0,NOT AVAILABLE,0,0,-1,0,1,0,0,-1,NOT AVAILABLE,1,-1,0,-1,NOT AVAILABLE,0,NOT AVAILABLE,1,0,0,0,0,0,0,0,0,0,NOT AVAILABLE,0,NOT AVAILABLE,0,0,0,NOT AVAILABLE,NOT AVAILABLE,0,NOT AVAILABLE,0,1,0,0,0,NOT AVAILABLE,NOT AVAILABLE,0,1,0,-1,1,1,1,1,0,1,0,0,0,0,0,0,0,0,NOT AVAILABLE,NOT AVAILABLE,0,0,-1,0,NOT AVAILABLE,1,0,0,0,1,0,0,0,0,NOT AVAILABLE,NOT AVAILABLE,NOT AVAILABLE,0,1,0,0,-1,1,0,-1,1,0,NOT AVAILABLE,NOT AVAILABLE,0,NOT AVAILABLE,0,NOT AVAILABLE,NOT AVAILABLE,-1,NOT AVAILABLE,1,0,0,1,0,NOT AVAILABLE,NOT AVAILABLE,0,0,-1,1,0,1,1,NOT AVAILABLE,0,-1,0,-1,0,0,1,0,0,0,NOT AVAILABLE,0,0,NOT AVAILABLE,NOT AVAILABLE,NOT AVAILABLE,NOT AVAILABLE,0,NOT AVAILABLE,1,NOT AVAILABLE,1,-1,NOT AVAILABLE,0,NOT AVAILABLE,1,0,1,0,NOT AVAILABLE,NOT AVAILABLE,-1,NOT AVAILABLE,0
m03/2012,0,0,0,-1,NOT AVAILABLE,0,0,-1,-1,0,0,-1,-1,NOT AVAILABLE,0,0,0,0,NOT AVAILABLE,0,NOT AVAILABLE,0,0,-1,0,0,1,-1,-1,0,-1,NOT AVAILABLE,-1,NOT AVAILABLE,0,-1,0,NOT AVAILABLE,NOT AVAILABLE,1,NOT AVAILABLE,-1,1,-1,-1,-1,NOT AVAILABLE,NOT AVAILABLE,-1,0,-1,0,-1,-1,0,-1,0,0,0,1,-1,0,-1,0,1,0,NOT AVAILABLE,NOT AVAILABLE,0,0,-1,1,NOT AVAILABLE,0,1,-1,0,0,-1,-1,0,0,NOT AVAILABLE,NOT AVAILABLE,NOT AVAILABLE,0,0,-1,-1,-1,-1,0,-1,0,1,NOT AVAILABLE,NOT AVAILABLE,0,NOT AVAILABLE,-1,NOT AVAILABLE,NOT AVAILABLE,0,NOT AVAILABLE,-1,-1,1,1,-1,NOT AVAILABLE,NOT AVAILABLE,0,-1,-1,0,0,0,-1,NOT AVAILABLE,-1,-1,0,0,0,0,1,-1,0,0,NOT AVAILABLE,-1,1,NOT AVAILABLE,NOT AVAILABLE,NOT AVAILABLE,NOT AVAILABLE,-1,NOT AVAILABLE,0,NOT AVAILABLE,-1,1,NOT AVAILABLE,0,NOT AVAILABLE,1,0,0,-1,NOT AVAILABLE,NOT AVAILABLE,-1,NOT AVAILABLE,0
m04/2012,1,0,-1,0,NOT AVAILABLE,-1,-1,-1,-1,1,0,0,-1,NOT AVAILABLE,0,-1,1,-1,NOT AVAILABLE,-1,NOT AVAILABLE,0,0,0,1,0,-1,0,0,0,0,NOT AVAILABLE,-1,NOT AVAILABLE,0,1,-1,NOT AVAILABLE,NOT AVAILABLE,0,NOT AVAILABLE,0,0,1,1,0,NOT AVAILABLE,NOT AVAILABLE,1,-1,0,0,0,0,0,0,0,0,-1,0,1,-1,0,0,-1,-1,NOT AVAILABLE,NOT AVAILABLE,0,0,0,0,NOT AVAILABLE,-1,0,1,0,0,0,-1,1,0,NOT AVAILABLE,NOT AVAILABLE,NOT AVAILABLE,-1,-1,-1,0,1,-1,0,-1,1,0,NOT AVAILABLE,NOT AVAILABLE,-1,NOT AVAILABLE,0,NOT AVAILABLE,NOT AVAILABLE,0,NOT AVAILABLE,0,-1,1,0,0,NOT AVAILABLE,1,0,0,-1,0,0,0,0,NOT AVAILABLE,-1,0,0,-1,0,0,-1,1,0,-1,NOT AVAILABLE,0,0,NOT AVAILABLE,NOT AVAILABLE,NOT AVAILABLE,NOT AVAILABLE,0,NOT AVAILABLE,0,NOT AVAILABLE,0,1,NOT AVAILABLE,1,NOT AVAILABLE,-1,0,1,1,NOT AVAILABLE,NOT AVAILABLE,NOT AVAILABLE,NOT AVAILABLE,-1
m05/2012,-1,-1,-1,-1,NOT AVAILABLE,0,0,-1,-1,0,-1,-1,NOT AVAILABLE,NOT AVAILABLE,0,-1,0,0,NOT AVAILABLE,0,NOT AVAILABLE,1,0,-1,-1,0,-1,0,0,0,-1,NOT AVAILABLE,0,NOT AVAILABLE,0,-1,-1,NOT AVAILABLE,NOT AVAILABLE,1,NOT AVAILABLE,0,0,-1,0,0,NOT AVAILABLE,NOT AVAILABLE,0,-1,0,-1,0,0,-1,0,-1,-1,-1,0,-1,0,0,0,-1,0,NOT AVAILABLE,NOT AVAILABLE,1,-1,0,0,NOT AVAILABLE,0,0,-1,0,0,-1,-1,-1,-1,NOT AVAILABLE,NOT AVAILABLE,NOT AVAILABLE,1,-1,-1,1,-1,1,-1,-1,0,0,NOT AVAILABLE,NOT AVAILABLE,0,NOT AVAILABLE,0,NOT AVAILABLE,NOT AVAILABLE,0,NOT AVAILABLE,1,0,-1,-1,0,NOT AVAILABLE,1,0,-1,-1,0,-1,0,0,NOT AVAILABLE,-1,-1,0,-1,-1,0,-1,0,0,1,NOT AVAILABLE,-1,0,NOT AVAILABLE,NOT AVAILABLE,NOT AVAILABLE,NOT AVAILABLE,-1,NOT AVAILABLE,0,NOT AVAILABLE,-1,-1,NOT AVAILABLE,0,NOT AVAILABLE,0,0,0,0,NOT AVAILABLE,NOT AVAILABLE,NOT AVAILABLE,NOT AVAILABLE,-1
m06/2012,0,0,1,0,NOT AVAILABLE,1,1,0,0,-1,-1,0,1,NOT AVAILABLE,-1,0,0,-1,NOT AVAILABLE,-1,NOT AVAILABLE,0,0,1,1,0,1,0,0,0,1,NOT AVAILABLE,0,NOT AVAILABLE,0,-1,-1,NOT AVAILABLE,NOT AVAILABLE,1,NOT AVAILABLE,0,-1,0,1,0,NOT AVAILABLE,NOT AVAILABLE,0,-1,0,0,0,1,0,0,1,0,0,-1,0,0,1,1,1,1,NOT AVAILABLE,NOT AVAILABLE,-1,0,0,1,NOT AVAILABLE,0,1,1,0,0,0,0,0,0,NOT AVAILABLE,NOT AVAILABLE,NOT AVAILABLE,0,0,1,0,1,-1,-1,-1,-1,0,NOT AVAILABLE,NOT AVAILABLE,0,NOT AVAILABLE,0,NOT AVAILABLE,NOT AVAILABLE,0,NOT AVAILABLE,0,0,0,1,0,NOT AVAILABLE,1,0,1,-1,0,0,0,0,NOT AVAILABLE,1,0,0,0,0,1,1,1,0,1,NOT AVAILABLE,0,1,NOT AVAILABLE,NOT AVAILABLE,NOT AVAILABLE,NOT AVAILABLE,0,NOT AVAILABLE,0,NOT AVAILABLE,1,NOT AVAILABLE,NOT AVAILABLE,0,NOT AVAILABLE,1,0,-1,1,NOT AVAILABLE,NOT AVAILABLE,-1,NOT AVAILABLE,0
m07/2012,1,0,0,-1,NOT AVAILABLE,1,0,0,-1,0,-1,-1,-1,NOT AVAILABLE,1,1,0,0,NOT AVAILABLE,-1,NOT AVAILABLE,0,-1,0,0,0,-1,0,0,0,-1,NOT AVAILABLE,0,NOT AVAILABLE,-1,-1,0,NOT AVAILABLE,NOT AVAILABLE,1,NOT AVAILABLE,-1,1,-1,0,0,NOT AVAILABLE,NOT AVAILABLE,-1,0,0,0,0,0,0,0,0,0,-1,-1,0,0,1,0,-1,0,NOT AVAILABLE,NOT AVAILABLE,0,0,-1,-1,NOT AVAILABLE,1,1,0,0,1,0,-1,0,-1,NOT AVAILABLE,NOT AVAILABLE,NOT AVAILABLE,0,0,-1,1,0,-1,-1,1,0,0,NOT AVAILABLE,NOT AVAILABLE,0,NOT AVAILABLE,-1,NOT AVAILABLE,NOT AVAILABLE,0,NOT AVAILABLE,-1,0,-1,0,-1,NOT AVAILABLE,-1,-1,0,-1,0,-1,-1,0,NOT AVAILABLE,-1,0,0,0,-1,0,0,0,-1,0,NOT AVAILABLE,0,-1,NOT AVAILABLE,NOT AVAILABLE,NOT AVAILABLE,NOT AVAILABLE,0,NOT AVAILABLE,-1,NOT AVAILABLE,-1,NOT AVAILABLE,NOT AVAILABLE,0,NOT AVAILABLE,1,0,-1,0,NOT AVAILABLE,NOT AVAILABLE,-1,NOT AVAILABLE,0
m08/2012,1,-1,0,-1,NOT AVAILABLE,-1,0,-1,-1,1,0,0,0,NOT AVAILABLE,-1,0,0,1,NOT AVAILABLE,-1,NOT AVAILABLE,0,0,-1,1,0,0,-1,0,0,0,NOT AVAILABLE,-1,NOT AVAILABLE,1,-1,0,NOT AVAILABLE,NOT AVAILABLE,0,NOT AVAILABLE,0,0,0,0,0,NOT AVAILABLE,NOT AVAILABLE,0,-1,0,0,0,-1,0,1,1,-1,0,0,-1,1,0,0,0,0,NOT AVAILABLE,NOT AVAILABLE,-1,0,0,0,NOT AVAILABLE,-1,0,1,-1,0,0,0,0,1,NOT AVAILABLE,NOT AVAILABLE,NOT AVAILABLE,0,-1,-1,-1,1,1,0,1,0,0,NOT AVAILABLE,NOT AVAILABLE,0,1,0,NOT AVAILABLE,NOT AVAILABLE,-1,NOT AVAILABLE,0,-1,-1,1,-1,NOT AVAILABLE,0,0,1,-1,0,0,-1,0,NOT AVAILABLE,-1,0,0,-1,-1,0,1,-1,0,0,NOT AVAILABLE,-1,0,NOT AVAILABLE,NOT AVAILABLE,NOT AVAILABLE,NOT AVAILABLE,0,NOT AVAILABLE,-1,NOT AVAILABLE,-1,-1,NOT AVAILABLE,-1,NOT AVAILABLE,1,0,1,0,NOT AVAILABLE,NOT AVAILABLE,-1,NOT AVAILABLE,0
m09/2012,-1,1,1,1,NOT AVAILABLE,0,1,0,0,0,1,1,-1,NOT AVAILABLE,0,-1,0,1,NOT AVAILABLE,1,NOT AVAILABLE,0,1,0,0,1,1,1,0,0,0,NOT AVAILABLE,1,NOT AVAILABLE,0,-1,1,NOT AVAILABLE,NOT AVAILABLE,1,NOT AVAILABLE,1,1,1,1,1,NOT AVAILABLE,NOT AVAILABLE,1,1,0,0,0,1,0,1,1,0,1,-1,1,1,1,1,1,0,NOT AVAILABLE,NOT AVAILABLE,0,1,1,1,NOT AVAILABLE,1,1,0,0,0,0,1,0,0,NOT AVAILABLE,NOT AVAILABLE,NOT AVAILABLE,0,1,0,0,1,1,1,-1,0,0,NOT AVAILABLE,NOT AVAILABLE,0,1,1,NOT AVAILABLE,NOT AVAILABLE,0,NOT AVAILABLE,0,1,1,0,1,NOT AVAILABLE,1,1,0,1,1,0,1,1,NOT AVAILABLE,1,1,0,0,0,1,1,-1,0,0,NOT AVAILABLE,1,1,NOT AVAILABLE,NOT AVAILABLE,NOT AVAILABLE,NOT AVAILABLE,0,NOT AVAILABLE,0,NOT AVAILABLE,1,NOT AVAILABLE,NOT AVAILABLE,-1,NOT AVAILABLE,1,1,0,1,NOT AVAILABLE,NOT AVAILABLE,-1,NOT AVAILABLE,1
m10/2012,0,-1,-1,0,NOT AVAILABLE,-1,0,0,0,-1,0,0,-1,NOT AVAILABLE,-1,0,0,1,NOT AVAILABLE,-1,NOT AVAILABLE,0,0,0,1,0,0,-1,0,-1,-1,NOT AVAILABLE,1,NOT AVAILABLE,-1,-1,0,NOT AVAILABLE,NOT AVAILABLE,0,NOT AVAILABLE,-1,0,0,0,-1,NOT AVAILABLE,NOT AVAILABLE,0,-1,1,0,-1,-1,-1,1,0,0,1,-1,-1,-1,0,-1,0,0,NOT AVAILABLE,NOT AVAILABLE,1,1,-1,0,NOT AVAILABLE,1,1,1,0,1,0,1,1,0,NOT AVAILABLE,NOT AVAILABLE,NOT AVAILABLE,-1,0,-1,-1,NOT AVAILABLE,-1,0,1,-1,0,NOT AVAILABLE,NOT AVAILABLE,0,0,-1,NOT AVAILABLE,NOT AVAILABLE,0,NOT AVAILABLE,0,0,1,0,-1,NOT AVAILABLE,0,-1,1,1,-1,1,-1,0,NOT AVAILABLE,-1,-1,0,0,0,0,1,0,-1,0,NOT AVAILABLE,-1,-1,NOT AVAILABLE,NOT AVAILABLE,NOT AVAILABLE,NOT AVAILABLE,0,NOT AVAILABLE,0,NOT AVAILABLE,-1,-1,NOT AVAILABLE,0,NOT AVAILABLE,0,0,-1,0,NOT AVAILABLE,NOT AVAILABLE,-1,NOT AVAILABLE,-1
m11/2012,1,0,0,0,NOT AVAILABLE,0,0,-1,0,0,-1,0,1,NOT AVAILABLE,-1,0,0,-1,NOT AVAILABLE,1,NOT AVAILABLE,1,0,0,-1,0,0,-1,1,0,0,NOT AVAILABLE,-1,NOT AVAILABLE,0,-1,-1,NOT AVAILABLE,NOT AVAILABLE,0,NOT AVAILABLE,-1,1,-1,0,-1,NOT AVAILABLE,NOT AVAILABLE,0,-1,-1,1,0,0,-1,0,-1,0,0,-1,0,0,0,0,-1,-1,NOT AVAILABLE,NOT AVAILABLE,0,-1,0,1,NOT AVAILABLE,0,0,-1,-1,-1,1,0,-1,-1,NOT AVAILABLE,NOT AVAILABLE,NOT AVAILABLE,-1,1,0,0,-1,0,0,1,0,1,NOT AVAILABLE,NOT AVAILABLE,-1,-1,-1,NOT AVAILABLE,NOT AVAILABLE,0,NOT AVAILABLE,1,0,-1,0,-1,NOT AVAILABLE,0,0,-1,0,0,-1,0,0,NOT AVAILABLE,0,-1,0,-1,0,0,0,0,0,0,NOT AVAILABLE,0,1,NOT AVAILABLE,NOT AVAILABLE,-1,NOT AVAILABLE,1,NOT AVAILABLE,0,NOT AVAILABLE,-1,0,NOT AVAILABLE,-1,NOT AVAILABLE,-1,0,-1,-1,NOT AVAILABLE,NOT AVAILABLE,-1,-1,0
m12/2012,1,1,0,0,NOT AVAILABLE,0,0,0,0,0,0,-1,-1,NOT AVAILABLE,1,-1,0,0,NOT AVAILABLE,0,NOT AVAILABLE,0,-1,1,0,0,0,-1,-1,0,1,NOT AVAILABLE,0,NOT AVAILABLE,-1,1,0,NOT AVAILABLE,NOT AVAILABLE,0,NOT AVAILABLE,-1,-1,0,0,0,NOT AVAILABLE,NOT AVAILABLE,0,0,1,0,0,0,1,-1,-1,0,-1,-1,-1,0,0,0,0,0,NOT AVAILABLE,NOT AVAILABLE,1,0,0,0,NOT AVAILABLE,1,1,0,-1,0,-1,0,0,-1,NOT AVAILABLE,NOT AVAILABLE,NOT AVAILABLE,-1,0,0,0,-1,-1,0,NOT AVAILABLE,1,-1,NOT AVAILABLE,NOT AVAILABLE,0,-1,0,NOT AVAILABLE,NOT AVAILABLE,-1,NOT AVAILABLE,0,-1,0,1,1,NOT AVAILABLE,-1,1,0,-1,0,0,0,0,NOT AVAILABLE,0,-1,0,0,0,1,1,0,0,0,NOT AVAILABLE,0,0,NOT AVAILABLE,NOT AVAILABLE,NOT AVAILABLE,NOT AVAILABLE,0,NOT AVAILABLE,-1,NOT AVAILABLE,0,-1,NOT AVAILABLE,0,NOT AVAILABLE,0,0,NOT AVAILABLE,0,NOT AVAILABLE,NOT AVAILABLE,NOT AVAILABLE,-1,-1
m01/2013,1,1,-1,-1,NOT AVAILABLE,-1,0,0,0,-1,-1,-1,-1,NOT AVAILABLE,-1,0,0,1,NOT AVAILABLE,-1,NOT AVAILABLE,0,0,-1,0,1,-1,0,-1,-1,1,NOT AVAILABLE,0,NOT AVAILABLE,-1,1,0,NOT AVAILABLE,NOT AVAILABLE,-1,NOT AVAILABLE,-1,-1,0,0,0,NOT AVAILABLE,NOT AVAILABLE,-1,-1,-1,-1,-1,-1,-1,-1,-1,-1,-1,0,-1,-1,-1,0,-1,-1,NOT AVAILABLE,NOT AVAILABLE,0,0,0,0,NOT AVAILABLE,0,-1,-1,0,-1,-1,-1,0,0,NOT AVAILABLE,NOT AVAILABLE,NOT AVAILABLE,0,-1,-1,1,0,0,-1,1,0,0,NOT AVAILABLE,NOT AVAILABLE,-1,1,-1,NOT AVAILABLE,NOT AVAILABLE,0,NOT AVAILABLE,-1,-1,-1,0,-1,NOT AVAILABLE,-1,-1,-1,-1,0,-1,-1,-1,NOT AVAILABLE,0,-1,-1,0,-1,-1,-1,0,0,-1,NOT AVAILABLE,0,0,NOT AVAILABLE,NOT AVAILABLE,NOT AVAILABLE,NOT AVAILABLE,-1,NOT AVAILABLE,-1,NOT AVAILABLE,0,1,NOT AVAILABLE,-1,NOT AVAILABLE,-1,0,1,-1,NOT AVAILABLE,NOT AVAILABLE,-1,-1,-1
m02/2013,0,-1,0,-1,NOT AVAILABLE,0,0,-1,-1,0,-1,0,-1,NOT AVAILABLE,-1,1,-1,-1,NOT AVAILABLE,-1,NOT AVAILABLE,1,-1,-1,-1,0,-1,-1,0,0,-1,NOT AVAILABLE,1,NOT AVAILABLE,-1,-1,0,NOT AVAILABLE,NOT AVAILABLE,-1,NOT AVAILABLE,0,0,-1,-1,0,NOT AVAILABLE,NOT AVAILABLE,-1,-1,0,-1,0,-1,-1,-1,0,-1,-1,-1,0,-1,-1,-1,0,-1,NOT AVAILABLE,NOT AVAILABLE,0,-1,-1,-1,NOT AVAILABLE,0,-1,-1,0,-1,-1,-1,0,-1,NOT AVAILABLE,NOT AVAILABLE,NOT AVAILABLE,-1,-1,-1,0,-1,1,-1,-1,-1,0,NOT AVAILABLE,NOT AVAILABLE,-1,-1,0,NOT AVAILABLE,NOT AVAILABLE,-1,NOT AVAILABLE,-1,-1,0,1,-1,NOT AVAILABLE,-1,-1,-1,0,-1,-1,-1,0,NOT AVAILABLE,-1,-1,-1,0,-1,-1,-1,0,-1,1,NOT AVAILABLE,-1,-1,NOT AVAILABLE,NOT AVAILABLE,NOT AVAILABLE,NOT AVAILABLE,-1,NOT AVAILABLE,0,NOT AVAILABLE,-1,NOT AVAILABLE,NOT AVAILABLE,-1,NOT AVAILABLE,0,-1,-1,-1,NOT AVAILABLE,NOT AVAILABLE,-1,-1,-1
m03/2013,1,0,-1,0,NOT AVAILABLE,-1,-1,-1,-1,0,-1,-1,NOT AVAILABLE,NOT AVAILABLE,1,0,-1,0,NOT AVAILABLE,0,NOT AVAILABLE,0,-1,-1,0,0,-1,-1,-1,-1,-1,NOT AVAILABLE,0,NOT AVAILABLE,0,-1,0,NOT AVAILABLE,NOT AVAILABLE,0,NOT AVAILABLE,0,1,-1,0,-1,NOT AVAILABLE,NOT AVAILABLE,-1,-1,0,0,0,-1,-1,-1,-1,-1,NOT AVAILABLE,0,-1,-1,-1,-1,0,0,NOT AVAILABLE,NOT AVAILABLE,-1,-1,-1,0,NOT AVAILABLE,-1,-1,-1,-1,-1,0,-1,0,-1,NOT AVAILABLE,NOT AVAILABLE,NOT AVAILABLE,0,0,-1,-1,-1,1,-1,-1,0,-1,NOT AVAILABLE,NOT AVAILABLE,-1,-1,-1,NOT AVAILABLE,NOT AVAILABLE,-1,NOT AVAILABLE,-1,0,-1,0,-1,NOT AVAILABLE,-1,0,-1,NOT AVAILABLE,-1,0,0,0,NOT AVAILABLE,-1,-1,-1,0,-1,-1,-1,0,-1,0,NOT AVAILABLE,-1,-1,NOT AVAILABLE,NOT AVAILABLE,NOT AVAILABLE,NOT AVAILABLE,0,NOT AVAILABLE,0,NOT AVAILABLE,-1,-1,NOT AVAILABLE,-1,NOT AVAILABLE,0,0,-1,-1,NOT AVAILABLE,NOT AVAILABLE,-1,-1,0
m04/2013,0,0,1,0,NOT AVAILABLE,0,1,0,0,1,0,1,NOT AVAILABLE,NOT AVAILABLE,0,0,0,0,NOT AVAILABLE,0,NOT AVAILABLE,0,0,0,0,0,0,1,0,0,NOT AVAILABLE,NOT AVAILABLE,1,NOT AVAILABLE,0,NOT AVAILABLE,0,NOT AVAILABLE,NOT AVAILABLE,-1,NOT AVAILABLE,0,-1,0,0,0,NOT AVAILABLE,NOT AVAILABLE,0,0,-1,0,1,0,0,0,1,0,NOT AVAILABLE,0,0,0,0,0,0,0,NOT AVAILABLE,NOT AVAILABLE,-1,0,0,0,NOT AVAILABLE,0,0,1,-1,0,0,1,0,0,NOT AVAILABLE,NOT AVAILABLE,NOT AVAILABLE,0,0,1,1,-1,1,0,-1,1,0,NOT AVAILABLE,NOT AVAILABLE,0,0,0,NOT AVAILABLE,NOT AVAILABLE,0,NOT AVAILABLE,-1,0,0,0,0,NOT AVAILABLE,0,0,1,-1,0,0,0,-1,NOT AVAILABLE,0,0,0,0,0,1,1,0,0,1,NOT AVAILABLE,0,1,NOT AVAILABLE,NOT AVAILABLE,NOT AVAILABLE,NOT AVAILABLE,-1,NOT AVAILABLE,0,NOT AVAILABLE,0,NOT AVAILABLE,NOT AVAILABLE,1,NOT AVAILABLE,1,-1,NOT AVAILABLE,0,NOT AVAILABLE,NOT AVAILABLE,NOT AVAILABLE,0,-1
m05/2013,1,0,0,0,NOT AVAILABLE,0,0,0,-1,-1,-1,-1,NOT AVAILABLE,NOT AVAILABLE,0,0,-1,0,NOT AVAILABLE,0,NOT AVAILABLE,1,0,-1,0,1,0,-1,0,0,-1,NOT AVAILABLE,0,NOT AVAILABLE,0,-1,-1,NOT AVAILABLE,NOT AVAILABLE,0,NOT AVAILABLE,0,-1,0,-1,0,NOT AVAILABLE,NOT AVAILABLE,-1,0,1,-1,0,0,0,0,0,0,0,0,-1,1,-1,0,-1,0,NOT AVAILABLE,NOT AVAILABLE,-1,0,-1,-1,NOT AVAILABLE,-1,0,1,0,0,-1,0,-1,1,NOT AVAILABLE,NOT AVAILABLE,NOT AVAILABLE,0,-1,-1,1,NOT AVAILABLE,NOT AVAILABLE,-1,-1,1,-1,NOT AVAILABLE,NOT AVAILABLE,-1,0,-1,NOT AVAILABLE,NOT AVAILABLE,0,NOT AVAILABLE,0,-1,0,0,0,NOT AVAILABLE,0,-1,0,-1,1,0,-1,0,NOT AVAILABLE,-1,0,0,0,-1,0,1,0,0,0,NOT AVAILABLE,0,-1,NOT AVAILABLE,NOT AVAILABLE,NOT AVAILABLE,NOT AVAILABLE,0,NOT AVAILABLE,1,NOT AVAILABLE,1,-1,NOT AVAILABLE,0,NOT AVAILABLE,0,1,NOT AVAILABLE,-1,NOT AVAILABLE,NOT AVAILABLE,NOT AVAILABLE,-1,-1
m06/2013,1,0,-1,-1,NOT AVAILABLE,-1,0,-1,0,-1,-1,-1,NOT AVAILABLE,NOT AVAILABLE,-1,-1,0,-1,NOT AVAILABLE,-1,NOT AVAILABLE,-1,0,0,0,-1,-1,-1,1,-1,-1,NOT AVAILABLE,-1,NOT AVAILABLE,-1,NOT AVAILABLE,0,NOT AVAILABLE,NOT AVAILABLE,0,NOT AVAILABLE,-1,-1,-1,0,-1,NOT AVAILABLE,NOT AVAILABLE,0,-1,-1,0,-1,-1,0,-1,0,0,-1,1,0,-1,-1,0,-1,-1,NOT AVAILABLE,NOT AVAILABLE,-1,0,-1,0,NOT AVAILABLE,0,0,-1,0,0,-1,0,0,0,NOT AVAILABLE,NOT AVAILABLE,NOT AVAILABLE,1,0,0,0,NOT AVAILABLE,NOT AVAILABLE,0,-1,-1,0,NOT AVAILABLE,NOT AVAILABLE,0,0,-1,NOT AVAILABLE,NOT AVAILABLE,0,NOT AVAILABLE,0,-1,-1,0,-1,NOT AVAILABLE,0,0,-1,-1,0,0,-1,0,NOT AVAILABLE,0,-1,0,0,0,-1,-1,0,0,0,NOT AVAILABLE,-1,-1,NOT AVAILABLE,NOT AVAILABLE,NOT AVAILABLE,NOT AVAILABLE,-1,NOT AVAILABLE,0,NOT AVAILABLE,-1,-1,NOT AVAILABLE,0,NOT AVAILABLE,0,0,NOT AVAILABLE,-1,NOT AVAILABLE,NOT AVAILABLE,NOT AVAILABLE,-1,-1
m07/2013,0,0,0,-1,NOT AVAILABLE,-1,0,-1,-1,1,1,-1,NOT AVAILABLE,NOT AVAILABLE,0,-1,0,0,NOT AVAILABLE,0,NOT AVAILABLE,0,1,0,1,-1,-1,0,1,0,NOT AVAILABLE,NOT AVAILABLE,0,NOT AVAILABLE,-1,NOT AVAILABLE,-1,NOT AVAILABLE,NOT AVAILABLE,-1,NOT AVAILABLE,-1,-1,-1,-1,-1,NOT AVAILABLE,NOT AVAILABLE,-1,0,1,0,0,0,1,-1,0,0,-1,-1,-1,-1,-1,-1,-1,0,NOT AVAILABLE,NOT AVAILABLE,-1,-1,1,-1,NOT AVAILABLE,-1,-1,0,0,0,-1,0,0,-1,NOT AVAILABLE,NOT AVAILABLE,NOT AVAILABLE,0,-1,-1,0,1,-1,-1,NOT AVAILABLE,1,0,NOT AVAILABLE,NOT AVAILABLE,-1,1,-1,NOT AVAILABLE,-1,-1,NOT AVAILABLE,-1,-1,0,-1,-1,NOT AVAILABLE,0,0,-1,NOT AVAILABLE,1,0,-1,-1,NOT AVAILABLE,-1,0,0,0,0,-1,-1,-1,-1,-1,NOT AVAILABLE,0,0,NOT AVAILABLE,NOT AVAILABLE,NOT AVAILABLE,NOT AVAILABLE,0,NOT AVAILABLE,0,NOT AVAILABLE,-1,1,NOT AVAILABLE,0,NOT AVAILABLE,0,0,NOT AVAILABLE,-1,NOT AVAILABLE,NOT AVAILABLE,NOT AVAILABLE,0,-1
m08/2013,1,-1,-1,-1,NOT AVAILABLE,1,-1,0,1,0,0,0,-1,NOT AVAILABLE,0,-1,0,0,NOT AVAILABLE,-1,NOT AVAILABLE,-1,0,-1,-1,-1,0,-1,-1,0,NOT AVAILABLE,NOT AVAILABLE,0,NOT AVAILABLE,1,NOT AVAILABLE,0,NOT AVAILABLE,NOT AVAILABLE,-1,NOT AVAILABLE,1,0,-1,0,1,NOT AVAILABLE,NOT AVAILABLE,0,0,1,0,0,-1,0,0,-1,0,0,-1,0,-1,0,-1,0,1,NOT AVAILABLE,NOT AVAILABLE,1,1,1,-1,NOT AVAILABLE,1,0,0,0,0,-1,0,0,0,NOT AVAILABLE,NOT AVAILABLE,NOT AVAILABLE,-1,0,0,-1,NOT AVAILABLE,-1,1,NOT AVAILABLE,0,-1,NOT AVAILABLE,NOT AVAILABLE,0,-1,-1,NOT AVAILABLE,0,-1,NOT AVAILABLE,0,0,0,0,0,NOT AVAILABLE,-1,1,0,NOT AVAILABLE,0,0,0,-1,NOT AVAILABLE,1,0,-1,1,0,0,-1,0,0,-1,NOT AVAILABLE,0,-1,NOT AVAILABLE,NOT AVAILABLE,NOT AVAILABLE,NOT AVAILABLE,-1,NOT AVAILABLE,0,NOT AVAILABLE,1,-1,NOT AVAILABLE,0,NOT AVAILABLE,-1,1,1,1,NOT AVAILABLE,NOT AVAILABLE,NOT AVAILABLE,0,1
m09/2013,-1,0,1,0,NOT AVAILABLE,1,1,0,-1,1,-1,0,1,NOT AVAILABLE,0,1,0,0,NOT AVAILABLE,0,NOT AVAILABLE,1,0,-1,1,1,1,1,-1,1,-1,NOT AVAILABLE,-1,NOT AVAILABLE,1,NOT AVAILABLE,0,NOT AVAILABLE,NOT AVAILABLE,1,NOT AVAILABLE,0,1,1,0,0,NOT AVAILABLE,NOT AVAILABLE,0,0,1,1,0,0,0,0,1,0,1,0,0,0,0,1,1,0,NOT AVAILABLE,NOT AVAILABLE,NOT AVAILABLE,0,-1,0,NOT AVAILABLE,1,1,1,1,0,-1,0,-1,1,NOT AVAILABLE,NOT AVAILABLE,NOT AVAILABLE,0,1,1,-1,1,NOT AVAILABLE,0,NOT AVAILABLE,0,0,NOT AVAILABLE,NOT AVAILABLE,1,-1,0,NOT AVAILABLE,1,0,NOT AVAILABLE,0,1,0,1,0,NOT AVAILABLE,0,-1,0,-1,-1,0,0,0,NOT AVAILABLE,1,0,-1,-1,0,0,1,0,-1,1,NOT AVAILABLE,1,0,NOT AVAILABLE,NOT AVAILABLE,NOT AVAILABLE,NOT AVAILABLE,0,NOT AVAILABLE,1,-1,0,-1,NOT AVAILABLE,0,-1,1,1,1,0,NOT AVAILABLE,NOT AVAILABLE,1,0,0
m10/2013,-1,0,1,1,NOT AVAILABLE,-1,0,0,0,0,-1,1,NOT AVAILABLE,NOT AVAILABLE,1,0,1,0,NOT AVAILABLE,1,NOT AVAILABLE,0,0,0,1,1,1,0,-1,-1,NOT AVAILABLE,NOT AVAILABLE,1,NOT AVAILABLE,0,0,0,NOT AVAILABLE,NOT AVAILABLE,0,NOT AVAILABLE,0,NOT AVAILABLE,0,0,0,NOT AVAILABLE,NOT AVAILABLE,1,1,-1,0,-1,0,0,1,0,0,0,1,0,1,-1,1,-1,0,NOT AVAILABLE,NOT AVAILABLE,-1,0,-1,-1,NOT AVAILABLE,0,0,1,0,0,-1,0,0,0,NOT AVAILABLE,NOT AVAILABLE,NOT AVAILABLE,-1,0,0,0,-1,1,-1,NOT AVAILABLE,1,1,NOT AVAILABLE,NOT AVAILABLE,-1,1,1,NOT AVAILABLE,0,0,NOT AVAILABLE,1,-1,0,0,0,NOT AVAILABLE,0,-1,0,1,0,0,1,0,NOT AVAILABLE,0,1,0,0,-1,0,1,-1,-1,1,NOT AVAILABLE,0,0,NOT AVAILABLE,NOT AVAILABLE,NOT AVAILABLE,NOT AVAILABLE,0,NOT AVAILABLE,1,0,0,-1,NOT AVAILABLE,0,-1,1,0,-1,0,NOT AVAILABLE,NOT AVAILABLE,NOT AVAILABLE,1,0
m11/2013,0,1,-1,0,NOT AVAILABLE,1,0,-1,0,1,1,0,NOT AVAILABLE,NOT AVAILABLE,0,-1,0,0,NOT AVAILABLE,0,NOT AVAILABLE,0,-1,0,1,NOT AVAILABLE,0,0,NOT AVAILABLE,-1,-1,NOT AVAILABLE,-1,NOT AVAILABLE,0,1,0,NOT AVAILABLE,NOT AVAILABLE,-1,NOT AVAILABLE,0,1,-1,0,0,NOT AVAILABLE,NOT AVAILABLE,0,1,0,0,1,0,1,0,-1,0,0,-1,0,0,-1,0,1,0,NOT AVAILABLE,NOT AVAILABLE,NOT AVAILABLE,-1,1,-1,NOT AVAILABLE,0,0,1,0,1,1,0,0,0,NOT AVAILABLE,NOT AVAILABLE,NOT AVAILABLE,0,0,1,-1,-1,-1,0,-1,1,0,NOT AVAILABLE,NOT AVAILABLE,-1,0,0,NOT AVAILABLE,0,1,NOT AVAILABLE,-1,-1,-1,-1,0,NOT AVAILABLE,1,0,0,NOT AVAILABLE,1,0,-1,0,NOT AVAILABLE,0,0,-1,0,0,-1,-1,1,-1,-1,NOT AVAILABLE,0,-1,NOT AVAILABLE,NOT AVAILABLE,NOT AVAILABLE,NOT AVAILABLE,0,NOT AVAILABLE,0,0,0,NOT AVAILABLE,NOT AVAILABLE,1,-1,-1,1,1,0,NOT AVAILABLE,NOT AVAILABLE,NOT AVAILABLE,1,1
m12/2013,1,-1,0,0,NOT AVAILABLE,0,0,0,1,1,0,0,-1,NOT AVAILABLE,1,0,0,-1,NOT AVAILABLE,0,NOT AVAILABLE,0,0,0,0,0,0,0,1,1,-1,NOT AVAILABLE,0,NOT AVAILABLE,0,0,1,NOT AVAILABLE,NOT AVAILABLE,0,NOT AVAILABLE,0,-1,0,0,0,NOT AVAILABLE,NOT AVAILABLE,1,1,0,0,1,1,0,-1,0,1,0,-1,0,0,0,1,0,0,NOT AVAILABLE,NOT AVAILABLE,NOT AVAILABLE,1,-1,-1,NOT AVAILABLE,0,1,0,0,1,1,0,0,1,NOT AVAILABLE,NOT AVAILABLE,NOT AVAILABLE,0,0,1,1,NOT AVAILABLE,NOT AVAILABLE,0,1,1,0,NOT AVAILABLE,NOT AVAILABLE,0,0,0,NOT AVAILABLE,0,-1,NOT AVAILABLE,0,0,0,0,0,NOT AVAILABLE,-1,0,0,-1,0,0,0,0,NOT AVAILABLE,1,1,0,0,0,0,0,0,-1,1,NOT AVAILABLE,0,0,NOT AVAILABLE,NOT AVAILABLE,NOT AVAILABLE,NOT AVAILABLE,0,NOT AVAILABLE,0,0,0,-1,NOT AVAILABLE,0,1,-1,-1,-1,0,NOT AVAILABLE,NOT AVAILABLE,NOT AVAILABLE,0,-1
m01/2014,0,-1,-1,0,NOT AVAILABLE,0,-1,0,0,0,-1,-1,NOT AVAILABLE,NOT AVAILABLE,-1,0,0,0,NOT AVAILABLE,-1,NOT AVAILABLE,1,0,1,-1,0,0,-1,0,-1,-1,NOT AVAILABLE,-1,NOT AVAILABLE,0,1,0,NOT AVAILABLE,NOT AVAILABLE,0,NOT AVAILABLE,-1,0,-1,-1,0,NOT AVAILABLE,NOT AVAILABLE,1,-1,-1,-1,0,-1,0,-1,-1,0,-1,-1,-1,0,-1,-1,-1,0,NOT AVAILABLE,NOT AVAILABLE,-1,0,0,-1,NOT AVAILABLE,-1,-1,-1,-1,-1,1,-1,0,0,NOT AVAILABLE,NOT AVAILABLE,NOT AVAILABLE,0,-1,0,1,NOT AVAILABLE,-1,0,1,0,0,NOT AVAILABLE,NOT AVAILABLE,-1,0,0,NOT AVAILABLE,-1,0,NOT AVAILABLE,0,-1,0,-1,-1,NOT AVAILABLE,-1,-1,-1,-1,1,-1,0,0,NOT AVAILABLE,-1,0,0,1,-1,-1,0,0,0,1,NOT AVAILABLE,-1,-1,NOT AVAILABLE,NOT AVAILABLE,NOT AVAILABLE,NOT AVAILABLE,0,NOT AVAILABLE,-1,0,-1,1,NOT AVAILABLE,-1,0,0,-1,0,-1,NOT AVAILABLE,NOT AVAILABLE,NOT AVAILABLE,0,-1
m02/2014,1,-1,1,-1,NOT AVAILABLE,1,0,0,1,1,1,-1,-1,NOT AVAILABLE,1,0,0,1,NOT AVAILABLE,0,NOT AVAILABLE,0,0,0,-1,-1,1,-1,1,-1,-1,NOT AVAILABLE,0,NOT AVAILABLE,0,0,0,NOT AVAILABLE,NOT AVAILABLE,1,NOT AVAILABLE,-1,0,-1,0,0,NOT AVAILABLE,NOT AVAILABLE,-1,1,1,1,1,0,1,-1,0,-1,0,0,0,0,0,0,0,0,NOT AVAILABLE,NOT AVAILABLE,-1,0,-1,0,NOT AVAILABLE,0,1,0,-1,0,1,-1,-1,1,NOT AVAILABLE,NOT AVAILABLE,NOT AVAILABLE,1,0,-1,-1,-1,0,0,1,-1,1,NOT AVAILABLE,NOT AVAILABLE,0,0,0,NOT AVAILABLE,0,-1,NOT AVAILABLE,0,0,-1,1,0,NOT AVAILABLE,0,-1,-1,1,-1,0,0,0,NOT AVAILABLE,-1,0,-1,0,0,1,0,-1,-1,-1,NOT AVAILABLE,1,-1,NOT AVAILABLE,NOT AVAILABLE,NOT AVAILABLE,NOT AVAILABLE,-1,NOT AVAILABLE,-1,0,1,1,NOT AVAILABLE,1,0,1,-1,-1,-1,NOT AVAILABLE,NOT AVAILABLE,NOT AVAILABLE,-1,0
m03/2014,-1,0,1,1,NOT AVAILABLE,-1,1,0,1,1,0,1,-1,NOT AVAILABLE,1,1,0,0,NOT AVAILABLE,1,NOT AVAILABLE,0,1,-1,1,0,1,1,-1,0,0,NOT AVAILABLE,1,NOT AVAILABLE,0,0,1,NOT AVAILABLE,NOT AVAILABLE,0,NOT AVAILABLE,1,0,0,0,0,NOT AVAILABLE,NOT AVAILABLE,1,1,1,-1,1,1,0,1,1,1,0,1,0,1,1,1,0,0,NOT AVAILABLE,NOT AVAILABLE,NOT AVAILABLE,0,1,0,NOT AVAILABLE,1,1,1,0,1,0,1,0,1,NOT AVAILABLE,NOT AVAILABLE,NOT AVAILABLE,0,1,1,-1,-1,-1,0,-1,1,-1,NOT AVAILABLE,NOT AVAILABLE,1,0,1,NOT AVAILABLE,1,0,NOT AVAILABLE,0,1,0,1,1,NOT AVAILABLE,0,0,1,1,0,1,1,1,NOT AVAILABLE,1,1,1,0,0,0,1,0,0,0,NOT AVAILABLE,0,0,NOT AVAILABLE,NOT AVAILABLE,NOT AVAILABLE,NOT AVAILABLE,0,NOT AVAILABLE,1,0,1,-1,NOT AVAILABLE,1,1,1,0,-1,0,NOT AVAILABLE,NOT AVAILABLE,NOT AVAILABLE,0,1
m04/2014,0,0,-1,1,NOT AVAILABLE,-1,0,1,1,0,1,1,-1,NOT AVAILABLE,0,1,1,0,NOT AVAILABLE,0,NOT AVAILABLE,-1,0,1,0,-1,0,0,-1,1,1,NOT AVAILABLE,0,NOT AVAILABLE,0,1,-1,NOT AVAILABLE,NOT AVAILABLE,-1,NOT AVAILABLE,1,0,0,1,1,NOT AVAILABLE,NOT AVAILABLE,0,1,-1,0,1,1,0,0,-1,1,0,1,0,0,0,0,1,1,NOT AVAILABLE,NOT AVAILABLE,NOT AVAILABLE,1,1,0,NOT AVAILABLE,0,0,1,0,0,0,1,1,0,NOT AVAILABLE,NOT AVAILABLE,NOT AVAILABLE,1,1,1,0,-1,-1,0,NOT AVAILABLE,0,1,NOT AVAILABLE,NOT AVAILABLE,0,0,0,NOT AVAILABLE,1,1,NOT AVAILABLE,0,1,1,0,1,NOT AVAILABLE,1,1,0,-1,0,1,1,1,NOT AVAILABLE,0,0,-1,0,0,0,0,1,1,0,NOT AVAILABLE,1,0,NOT AVAILABLE,NOT AVAILABLE,NOT AVAILABLE,NOT AVAILABLE,1,NOT AVAILABLE,1,0,1,0,NOT AVAILABLE,0,0,0,1,-1,1,NOT AVAILABLE,NOT AVAILABLE,NOT AVAILABLE,0,0
m05/2014,1,0,1,1,NOT AVAILABLE,1,1,1,0,1,1,0,-1,NOT AVAILABLE,0,0,1,1,NOT AVAILABLE,1,NOT AVAILABLE,1,0,1,1,1,1,1,1,1,1,NOT AVAILABLE,1,NOT AVAILABLE,1,0,1,NOT AVAILABLE,NOT AVAILABLE,1,NOT AVAILABLE,1,1,1,1,1,NOT AVAILABLE,NOT AVAILABLE,1,1,1,1,0,1,1,0,1,0,1,1,1,1,1,1,1,1,NOT AVAILABLE,NOT AVAILABLE,0,1,0,0,NOT AVAILABLE,1,1,1,1,1,0,1,0,1,NOT AVAILABLE,NOT AVAILABLE,NOT AVAILABLE,0,1,1,1,-1,1,0,0,1,1,NOT AVAILABLE,NOT AVAILABLE,1,0,1,NOT AVAILABLE,1,1,NOT AVAILABLE,1,1,1,1,1,NOT AVAILABLE,0,1,1,-1,1,1,1,1,NOT AVAILABLE,1,1,1,0,1,1,1,1,1,0,NOT AVAILABLE,1,1,NOT AVAILABLE,NOT AVAILABLE,-1,NOT AVAILABLE,1,NOT AVAILABLE,0,0,1,NOT AVAILABLE,NOT AVAILABLE,1,1,1,1,-1,1,NOT AVAILABLE,NOT AVAILABLE,NOT AVAILABLE,1,0
m06/2014,1,0,0,0,NOT AVAILABLE,0,0,0,0,0,0,0,0,NOT AVAILABLE,1,-1,0,1,NOT AVAILABLE,0,NOT AVAILABLE,0,0,1,1,1,1,1,0,0,0,NOT AVAILABLE,0,NOT AVAILABLE,0,-1,1,NOT AVAILABLE,NOT AVAILABLE,1,NOT AVAILABLE,-1,1,1,1,0,NOT AVAILABLE,NOT AVAILABLE,0,0,0,1,0,0,1,1,0,0,0,0,0,0,1,1,0,0,NOT AVAILABLE,NOT AVAILABLE,0,0,0,0,NOT AVAILABLE,1,0,1,1,0,1,0,0,1,NOT AVAILABLE,NOT AVAILABLE,NOT AVAILABLE,0,0,0,0,1,1,0,-1,0,-1,NOT AVAILABLE,NOT AVAILABLE,0,1,0,NOT AVAILABLE,0,0,NOT AVAILABLE,0,0,0,0,1,NOT AVAILABLE,0,1,0,0,0,0,1,0,NOT AVAILABLE,0,0,0,0,0,1,0,0,0,0,NOT AVAILABLE,1,0,NOT AVAILABLE,NOT AVAILABLE,-1,NOT AVAILABLE,0,NOT AVAILABLE,0,0,1,1,NOT AVAILABLE,1,1,0,1,-1,1,NOT AVAILABLE,NOT AVAILABLE,1,0,1
m07/2014,0,-1,0,0,NOT AVAILABLE,0,-1,-1,-1,-1,0,0,-1,NOT AVAILABLE,1,1,-1,-1,NOT AVAILABLE,0,NOT AVAILABLE,-1,0,-1,-1,-1,0,0,0,-1,1,NOT AVAILABLE,0,NOT AVAILABLE,0,1,1,1,NOT AVAILABLE,0,NOT AVAILABLE,0,-1,-1,1,-1,NOT AVAILABLE,NOT AVAILABLE,0,0,0,0,1,-1,0,0,0,-1,0,-1,-1,0,1,0,-1,0,NOT AVAILABLE,NOT AVAILABLE,0,-1,-1,0,NOT AVAILABLE,0,0,0,-1,0,0,-1,0,1,NOT AVAILABLE,NOT AVAILABLE,NOT AVAILABLE,0,0,-1,0,1,-1,-1,-1,0,1,NOT AVAILABLE,NOT AVAILABLE,0,0,-1,NOT AVAILABLE,0,1,NOT AVAILABLE,0,0,-1,-1,-1,NOT AVAILABLE,0,0,1,0,0,0,0,1,NOT AVAILABLE,-1,-1,0,-1,-1,-1,0,-1,0,0,NOT AVAILABLE,0,-1,NOT AVAILABLE,NOT AVAILABLE,NOT AVAILABLE,NOT AVAILABLE,0,NOT AVAILABLE,0,0,0,-1,NOT AVAILABLE,0,-1,-1,-1,0,0,NOT AVAILABLE,NOT AVAILABLE,0,0,0
m08/2014,-1,0,1,0,NOT AVAILABLE,0,0,0,1,0,0,-1,0,NOT AVAILABLE,-1,0,1,0,NOT AVAILABLE,1,NOT AVAILABLE,1,-1,0,1,0,0,1,1,0,0,NOT AVAILABLE,1,NOT AVAILABLE,1,0,1,0,NOT AVAILABLE,1,NOT AVAILABLE,-1,1,-1,0,0,NOT AVAILABLE,NOT AVAILABLE,1,1,1,1,0,0,0,0,1,0,1,-1,0,1,0,1,1,0,NOT AVAILABLE,NOT AVAILABLE,-1,1,-1,-1,NOT AVAILABLE,1,1,-1,0,0,0,0,0,1,NOT AVAILABLE,NOT AVAILABLE,NOT AVAILABLE,0,1,0,1,-1,1,0,1,1,-1,NOT AVAILABLE,NOT AVAILABLE,0,-1,0,NOT AVAILABLE,1,1,NOT AVAILABLE,0,1,-1,1,1,NOT AVAILABLE,0,0,1,0,0,1,0,1,NOT AVAILABLE,1,1,-1,1,1,1,1,1,-1,0,NOT AVAILABLE,0,0,NOT AVAILABLE,NOT AVAILABLE,NOT AVAILABLE,NOT AVAILABLE,0,NOT AVAILABLE,1,0,-1,-1,NOT AVAILABLE,1,1,1,0,0,-1,NOT AVAILABLE,NOT AVAILABLE,NOT AVAILABLE,1,0
m09/2014,0,0,-1,0,NOT AVAILABLE,-1,0,0,1,0,0,-1,1,NOT AVAILABLE,0,0,0,1,NOT AVAILABLE,-1,NOT AVAILABLE,1,0,0,1,-1,-1,0,0,0,1,NOT AVAILABLE,0,NOT AVAILABLE,1,1,0,-1,NOT AVAILABLE,1,NOT AVAILABLE,-1,0,-1,0,0,NOT AVAILABLE,NOT AVAILABLE,1,0,1,0,0,0,1,0,0,0,-1,1,0,1,1,1,0,1,NOT AVAILABLE,NOT AVAILABLE,0,0,1,0,NOT AVAILABLE,1,1,1,0,0,0,0,0,0,NOT AVAILABLE,NOT AVAILABLE,NOT AVAILABLE,1,-1,0,0,1,0,1,1,1,0,NOT AVAILABLE,NOT AVAILABLE,0,0,0,NOT AVAILABLE,0,1,NOT AVAILABLE,1,0,0,-1,0,NOT AVAILABLE,1,-1,0,1,0,1,0,-1,NOT AVAILABLE,0,0,1,1,0,0,0,1,0,0,0,1,0,NOT AVAILABLE,NOT AVAILABLE,-1,NOT AVAILABLE,0,NOT AVAILABLE,0,1,0,0,NOT AVAILABLE,0,-1,0,1,-1,0,NOT AVAILABLE,NOT AVAILABLE,NOT AVAILABLE,0,1
m10/2014,-1,0,1,0,NOT AVAILABLE,0,1,0,0,0,0,0,-1,NOT AVAILABLE,0,0,0,0,NOT AVAILABLE,0,NOT AVAILABLE,0,0,1,1,0,0,0,1,0,1,NOT AVAILABLE,0,NOT AVAILABLE,0,0,-1,0,NOT AVAILABLE,0,NOT AVAILABLE,0,-1,1,0,-1,NOT AVAILABLE,NOT AVAILABLE,1,0,-1,0,0,-1,0,0,0,-1,0,0,-1,0,1,-1,0,0,NOT AVAILABLE,NOT AVAILABLE,-1,-1,0,1,NOT AVAILABLE,1,0,0,0,0,1,1,-1,1,NOT AVAILABLE,NOT AVAILABLE,NOT AVAILABLE,-1,1,0,0,1,-1,-1,1,-1,0,NOT AVAILABLE,NOT AVAILABLE,0,-1,0,NOT AVAILABLE,0,0,NOT AVAILABLE,0,0,-1,1,0,NOT AVAILABLE,1,0,0,1,0,0,0,0,NOT AVAILABLE,0,-1,-1,0,0,0,1,0,0,0,1,0,0,NOT AVAILABLE,NOT AVAILABLE,NOT AVAILABLE,NOT AVAILABLE,0,NOT AVAILABLE,1,0,0,-1,NOT AVAILABLE,1,0,-1,0,NOT AVAILABLE,0,NOT AVAILABLE,NOT AVAILABLE,NOT AVAILABLE,0,0
m11/2014,-1,1,-1,1,NOT AVAILABLE,1,0,-1,0,0,1,-1,1,NOT AVAILABLE,-1,0,0,-1,NOT AVAILABLE,-1,NOT AVAILABLE,0,-1,0,0,1,-1,0,0,1,1,NOT AVAILABLE,1,NOT AVAILABLE,-1,-1,0,-1,NOT AVAILABLE,0,NOT AVAILABLE,0,0,-1,1,0,NOT AVAILABLE,NOT AVAILABLE,1,1,0,-1,1,0,0,0,0,-1,0,-1,-1,0,-1,0,-1,1,NOT AVAILABLE,NOT AVAILABLE,1,0,0,0,NOT AVAILABLE,0,0,1,0,1,1,0,-1,0,NOT AVAILABLE,NOT AVAILABLE,NOT AVAILABLE,0,1,0,1,-1,0,0,0,0,1,NOT AVAILABLE,NOT AVAILABLE,0,0,0,NOT AVAILABLE,0,1,NOT AVAILABLE,0,0,0,0,0,NOT AVAILABLE,-1,0,0,1,0,-1,0,0,NOT AVAILABLE,0,-1,1,-1,0,-1,-1,1,1,1,1,-1,0,NOT AVAILABLE,NOT AVAILABLE,NOT AVAILABLE,NOT AVAILABLE,1,NOT AVAILABLE,0,1,1,1,NOT AVAILABLE,1,0,-1,-1,0,1,NOT AVAILABLE,NOT AVAILABLE,NOT AVAILABLE,0,0
m12/2014,-1,0,-1,0,NOT AVAILABLE,0,0,0,0,-1,0,-1,0,NOT AVAILABLE,0,0,-1,0,NOT AVAILABLE,-1,NOT AVAILABLE,1,-1,0,0,-1,-1,-1,0,0,NOT AVAILABLE,NOT AVAILABLE,0,NOT AVAILABLE,0,1,0,1,NOT AVAILABLE,0,NOT AVAILABLE,0,0,0,0,0,NOT AVAILABLE,NOT AVAILABLE,-1,1,-1,0,0,-1,-1,0,0,0,-1,0,-1,0,0,1,-1,-1,NOT AVAILABLE,NOT AVAILABLE,1,-1,0,0,NOT AVAILABLE,0,1,-1,-1,1,-1,-1,0,1,NOT AVAILABLE,NOT AVAILABLE,NOT AVAILABLE,0,0,-1,-1,-1,1,0,NOT AVAILABLE,0,0,NOT AVAILABLE,NOT AVAILABLE,0,1,-1,NOT AVAILABLE,0,1,NOT AVAILABLE,-1,0,-1,0,0,NOT AVAILABLE,0,-1,0,1,-1,0,1,0,NOT AVAILABLE,-1,-1,-1,0,0,-1,0,1,0,-1,-1,0,0,NOT AVAILABLE,NOT AVAILABLE,NOT AVAILABLE,NOT AVAILABLE,-1,NOT AVAILABLE,-1,0,-1,1,NOT AVAILABLE,0,0,1,0,0,-1,NOT AVAILABLE,NOT AVAILABLE,NOT AVAILABLE,-1,-1
m01/2015,-1,0,1,0,NOT AVAILABLE,1,1,0,0,1,1,1,0,NOT AVAILABLE,0,0,0,-1,NOT AVAILABLE,1,NOT AVAILABLE,1,0,0,-1,0,1,0,1,0,NOT AVAILABLE,NOT AVAILABLE,1,NOT AVAILABLE,-1,0,0,-1,NOT AVAILABLE,0,NOT AVAILABLE,-1,0,0,0,-1,NOT AVAILABLE,NOT AVAILABLE,0,1,0,-1,1,1,0,-1,1,1,0,0,-1,1,0,0,1,0,NOT AVAILABLE,NOT AVAILABLE,-1,-1,0,1,NOT AVAILABLE,1,0,-1,0,0,0,0,0,1,NOT AVAILABLE,-1,NOT AVAILABLE,0,0,-1,-1,-1,1,1,-1,1,1,NOT AVAILABLE,NOT AVAILABLE,0,0,0,NOT AVAILABLE,1,-1,NOT AVAILABLE,1,1,0,0,0,NOT AVAILABLE,1,0,0,0,0,1,1,-1,NOT AVAILABLE,0,-1,1,0,-1,1,1,1,0,0,0,-1,1,NOT AVAILABLE,NOT AVAILABLE,NOT AVAILABLE,NOT AVAILABLE,0,NOT AVAILABLE,1,-1,1,0,NOT AVAILABLE,0,0,1,1,-1,0,NOT AVAILABLE,NOT AVAILABLE,NOT AVAILABLE,0,0
m02/2015,0,-1,1,0,NOT AVAILABLE,0,1,-1,1,-1,-1,0,-1,NOT AVAILABLE,0,0,0,-1,NOT AVAILABLE,-1,NOT AVAILABLE,1,0,0,0,0,-1,1,-1,-1,NOT AVAILABLE,NOT AVAILABLE,1,NOT AVAILABLE,0,-1,1,-1,NOT AVAILABLE,-1,NOT AVAILABLE,1,0,0,0,0,NOT AVAILABLE,NOT AVAILABLE,0,1,0,-1,-1,0,0,0,-1,-1,-1,0,0,-1,0,0,0,-1,NOT AVAILABLE,NOT AVAILABLE,0,0,1,0,NOT AVAILABLE,0,-1,0,1,0,1,-1,0,-1,NOT AVAILABLE,0,NOT AVAILABLE,-1,-1,0,0,NOT AVAILABLE,0,-1,-1,0,0,NOT AVAILABLE,NOT AVAILABLE,0,0,0,NOT AVAILABLE,-1,0,NOT AVAILABLE,-1,1,-1,-1,0,NOT AVAILABLE,-1,0,0,-1,0,-1,1,-1,NOT AVAILABLE,0,-1,-1,0,0,0,0,1,0,0,0,0,0,NOT AVAILABLE,NOT AVAILABLE,NOT AVAILABLE,NOT AVAILABLE,0,NOT AVAILABLE,1,0,0,0,NOT AVAILABLE,-1,-1,0,-1,-1,0,NOT AVAILABLE,NOT AVAILABLE,NOT AVAILABLE,1,0
m03/2015,0,0,-1,0,NOT AVAILABLE,-1,-1,-1,-1,-1,-1,1,1,NOT AVAILABLE,0,-1,-1,0,NOT AVAILABLE,-1,NOT AVAILABLE,0,-1,0,0,-1,1,0,-1,0,NOT AVAILABLE,NOT AVAILABLE,0,NOT AVAILABLE,-1,-1,0,-1,NOT AVAILABLE,-1,NOT AVAILABLE,-1,0,0,-1,-1,NOT AVAILABLE,NOT AVAILABLE,-1,0,-1,-1,-1,-1,-1,-1,-1,-1,-1,-1,-1,-1,-1,-1,-1,-1,NOT AVAILABLE,NOT AVAILABLE,1,0,-1,1,NOT AVAILABLE,-1,0,-1,-1,-1,-1,-1,0,-1,NOT AVAILABLE,-1,NOT AVAILABLE,0,-1,-1,0,1,-1,0,-1,-1,-1,NOT AVAILABLE,NOT AVAILABLE,0,0,-1,NOT AVAILABLE,-1,-1,NOT AVAILABLE,-1,-1,-1,-1,-1,NOT AVAILABLE,0,-1,-1,-1,-1,-1,0,1,NOT AVAILABLE,-1,-1,0,0,-1,-1,0,-1,-1,-1,-1,-1,0,NOT AVAILABLE,NOT AVAILABLE,NOT AVAILABLE,NOT AVAILABLE,0,NOT AVAILABLE,0,-1,-1,1,1,-1,-1,-1,-1,-1,-1,NOT AVAILABLE,NOT AVAILABLE,NOT AVAILABLE,-1,-1
m04/2015,1,0,-1,-1,NOT AVAILABLE,0,-1,0,0,0,0,0,-1,NOT AVAILABLE,1,1,-1,0,NOT AVAILABLE,0,NOT AVAILABLE,-1,-1,0,0,0,0,-1,0,0,-1,NOT AVAILABLE,0,NOT AVAILABLE,-1,0,0,1,NOT AVAILABLE,1,NOT AVAILABLE,-1,1,0,0,0,NOT AVAILABLE,NOT AVAILABLE,-1,-1,-1,0,-1,0,1,0,0,0,-1,-1,0,-1,1,-1,0,0,NOT AVAILABLE,NOT AVAILABLE,1,0,0,-1,NOT AVAILABLE,-1,0,0,-1,0,0,0,0,0,NOT AVAILABLE,0,NOT AVAILABLE,0,0,0,0,-1,-1,-1,-1,0,0,NOT AVAILABLE,NOT AVAILABLE,0,0,0,NOT AVAILABLE,-1,-1,NOT AVAILABLE,0,0,0,0,0,NOT AVAILABLE,0,0,0,-1,1,0,0,-1,NOT AVAILABLE,0,0,1,0,0,0,-1,0,-1,0,0,-1,-1,NOT AVAILABLE,NOT AVAILABLE,NOT AVAILABLE,NOT AVAILABLE,0,NOT AVAILABLE,1,1,0,-1,1,0,-1,-1,0,-1,1,NOT AVAILABLE,-1,NOT AVAILABLE,-1,-1
m05/2015,0,0,0,0,NOT AVAILABLE,0,0,0,0,1,0,0,-1,NOT AVAILABLE,-1,0,0,1,NOT AVAILABLE,-1,NOT AVAILABLE,1,-1,0,0,0,0,0,0,0,-1,NOT AVAILABLE,0,NOT AVAILABLE,0,-1,0,-1,NOT AVAILABLE,0,NOT AVAILABLE,1,-1,0,0,-1,NOT AVAILABLE,NOT AVAILABLE,-1,0,0,1,1,0,-1,0,0,0,-1,-1,0,0,0,-1,0,0,NOT AVAILABLE,NOT AVAILABLE,-1,-1,-1,0,NOT AVAILABLE,0,-1,-1,0,1,0,1,-1,0,NOT AVAILABLE,0,NOT AVAILABLE,-1,0,-1,0,NOT AVAILABLE,-1,0,NOT AVAILABLE,0,0,NOT AVAILABLE,NOT AVAILABLE,1,1,0,NOT AVAILABLE,0,0,NOT AVAILABLE,0,0,0,0,0,NOT AVAILABLE,0,1,0,-1,0,0,0,0,NOT AVAILABLE,1,1,-1,0,0,0,1,1,-1,1,0,0,0,NOT AVAILABLE,NOT AVAILABLE,NOT AVAILABLE,NOT AVAILABLE,-1,NOT AVAILABLE,0,0,1,1,1,0,0,1,0,-1,0,NOT AVAILABLE,1,-1,0,0
m06/2015,0,0,-1,1,NOT AVAILABLE,0,0,-1,-1,0,0,0,-1,NOT AVAILABLE,0,-1,0,1,NOT AVAILABLE,0,NOT AVAILABLE,0,0,0,0,0,0,-1,0,0,0,NOT AVAILABLE,-1,NOT AVAILABLE,0,0,-1,NOT AVAILABLE,NOT AVAILABLE,-1,NOT AVAILABLE,0,0,0,0,-1,NOT AVAILABLE,NOT AVAILABLE,0,-1,0,0,-1,0,0,0,-1,0,0,0,0,0,0,1,0,0,NOT AVAILABLE,1,1,0,0,-1,NOT AVAILABLE,0,0,-1,0,0,1,0,0,0,NOT AVAILABLE,0,NOT AVAILABLE,1,0,0,0,0,-1,0,1,0,0,NOT AVAILABLE,NOT AVAILABLE,1,0,0,NOT AVAILABLE,0,-1,NOT AVAILABLE,-1,0,0,0,0,NOT AVAILABLE,0,0,0,0,0,0,0,1,NOT AVAILABLE,0,0,0,0,-1,0,0,0,1,1,1,0,0,NOT AVAILABLE,NOT AVAILABLE,NOT AVAILABLE,NOT AVAILABLE,1,NOT AVAILABLE,0,0,1,-1,-1,1,0,0,0,-1,0,NOT AVAILABLE,0,-1,0,0
m07/2015,-1,0,-1,0,NOT AVAILABLE,-1,0,0,1,1,1,-1,0,NOT AVAILABLE,0,0,0,-1,NOT AVAILABLE,1,NOT AVAILABLE,1,1,0,1,NOT AVAILABLE,0,0,1,0,1,NOT AVAILABLE,0,NOT AVAILABLE,-1,-1,1,0,NOT AVAILABLE,1,NOT AVAILABLE,0,1,0,0,0,NOT AVAILABLE,NOT AVAILABLE,1,0,1,1,0,1,0,1,1,0,1,1,1,0,1,0,-1,1,NOT AVAILABLE,0,0,1,1,1,NOT AVAILABLE,-1,-1,1,0,0,0,0,1,1,NOT AVAILABLE,-1,NOT AVAILABLE,-1,0,1,0,1,0,0,1,1,0,NOT AVAILABLE,NOT AVAILABLE,0,-1,0,NOT AVAILABLE,1,1,NOT AVAILABLE,1,0,1,1,-1,NOT AVAILABLE,1,1,1,1,0,0,1,1,NOT AVAILABLE,1,1,0,0,1,0,0,0,1,1,1,0,1,NOT AVAILABLE,NOT AVAILABLE,NOT AVAILABLE,NOT AVAILABLE,0,NOT AVAILABLE,0,1,1,-1,-1,0,0,1,0,1,1,-1,1,-1,0,1
m08/2015,-1,0,0,-1,NOT AVAILABLE,0,-1,-1,-1,-1,-1,-1,0,NOT AVAILABLE,-1,-1,-1,-1,NOT AVAILABLE,0,NOT AVAILABLE,0,-1,-1,1,NOT AVAILABLE,-1,0,0,-1,1,NOT AVAILABLE,-1,NOT AVAILABLE,-1,0,-1,-1,NOT AVAILABLE,0,NOT AVAILABLE,-1,0,-1,-1,-1,NOT AVAILABLE,NOT AVAILABLE,-1,-1,0,-1,-1,-1,-1,-1,-1,-1,-1,-1,0,0,-1,-1,-1,-1,NOT AVAILABLE,-1,-1,-1,0,-1,NOT AVAILABLE,-1,0,0,-1,0,1,-1,-1,-1,NOT AVAILABLE,-1,NOT AVAILABLE,-1,-1,0,1,1,-1,0,1,0,-1,NOT AVAILABLE,NOT AVAILABLE,0,0,-1,NOT AVAILABLE,-1,-1,NOT AVAILABLE,-1,-1,-1,-1,-1,NOT AVAILABLE,-1,-1,-1,1,0,-1,-1,-1,NOT AVAILABLE,0,-1,-1,0,-1,-1,-1,-1,-1,-1,-1,-1,0,NOT AVAILABLE,NOT AVAILABLE,NOT AVAILABLE,NOT AVAILABLE,0,NOT AVAILABLE,-1,1,-1,NOT AVAILABLE,-1,0,-1,-1,0,-1,0,NOT AVAILABLE,0,NOT AVAILABLE,-1,-1
m09/2015,0,0,0,0,NOT AVAILABLE,0,0,1,0,1,0,0,0,NOT AVAILABLE,0,-1,0,0,NOT AVAILABLE,0,NOT AVAILABLE,0,0,0,1,NOT AVAILABLE,0,0,0,0,NOT AVAILABLE,NOT AVAILABLE,0,NOT AVAILABLE,-1,NOT AVAILABLE,-1,1,NOT AVAILABLE,0,NOT AVAILABLE,0,0,0,0,0,NOT AVAILABLE,NOT AVAILABLE,0,0,0,0,1,0,0,0,0,-1,0,0,0,0,0,0,1,0,NOT AVAILABLE,-1,-1,0,0,0,NOT AVAILABLE,0,1,0,1,0,0,0,0,0,NOT AVAILABLE,0,NOT AVAILABLE,0,0,0,0,-1,-1,1,NOT AVAILABLE,1,0,NOT AVAILABLE,0,1,0,0,NOT AVAILABLE,-1,0,NOT AVAILABLE,0,-1,0,0,1,NOT AVAILABLE,0,0,0,0,0,1,0,0,NOT AVAILABLE,1,1,1,0,0,0,0,0,0,0,0,1,1,NOT AVAILABLE,NOT AVAILABLE,NOT AVAILABLE,NOT AVAILABLE,0,NOT AVAILABLE,0,1,-1,1,0,0,0,-1,0,NOT AVAILABLE,-1,-1,-1,NOT AVAILABLE,-1,0
m10/2015,0,0,1,1,NOT AVAILABLE,1,0,0,1,0,1,1,1,NOT AVAILABLE,0,1,1,0,NOT AVAILABLE,-1,NOT AVAILABLE,1,0,0,-1,NOT AVAILABLE,0,0,1,0,-1,NOT AVAILABLE,-1,NOT AVAILABLE,1,NOT AVAILABLE,1,1,NOT AVAILABLE,1,NOT AVAILABLE,0,1,1,0,-1,NOT AVAILABLE,NOT AVAILABLE,0,0,0,0,-1,0,0,0,1,0,0,0,0,0,0,1,0,0,NOT AVAILABLE,0,0,1,1,1,NOT AVAILABLE,0,0,0,1,1,1,0,0,0,NOT AVAILABLE,0,NOT AVAILABLE,0,1,0,1,0,1,-1,-1,0,1,NOT AVAILABLE,0,1,-1,0,NOT AVAILABLE,0,0,NOT AVAILABLE,1,1,1,1,0,NOT AVAILABLE,1,1,0,-1,0,1,-1,0,-1,0,-1,1,0,0,1,0,1,-1,1,-1,1,1,NOT AVAILABLE,NOT AVAILABLE,NOT AVAILABLE,NOT AVAILABLE,1,NOT AVAILABLE,1,-1,1,NOT AVAILABLE,-1,1,0,1,0,1,0,-1,1,NOT AVAILABLE,0,0
m11/2015,-1,0,-1,0,NOT AVAILABLE,1,0,0,0,0,0,1,0,NOT AVAILABLE,0,1,0,1,NOT AVAILABLE,1,NOT AVAILABLE,-1,0,0,0,NOT AVAILABLE,1,0,0,0,1,NOT AVAILABLE,0,NOT AVAILABLE,0,NOT AVAILABLE,0,-1,NOT AVAILABLE,1,NOT AVAILABLE,1,0,0,0,1,NOT AVAILABLE,NOT AVAILABLE,1,0,0,-1,-1,1,-1,1,0,0,0,0,1,0,1,0,0,1,1,0,-1,-1,1,0,NOT AVAILABLE,0,-1,0,1,-1,0,1,1,0,NOT AVAILABLE,0,NOT AVAILABLE,0,-1,1,-1,0,1,-1,NOT AVAILABLE,0,1,NOT AVAILABLE,1,1,0,1,NOT AVAILABLE,0,1,NOT AVAILABLE,1,0,0,1,1,NOT AVAILABLE,0,0,0,1,0,0,1,1,NOT AVAILABLE,0,-1,-1,0,0,0,-1,0,0,0,0,1,1,NOT AVAILABLE,NOT AVAILABLE,NOT AVAILABLE,NOT AVAILABLE,1,NOT AVAILABLE,0,1,0,NOT AVAILABLE,1,0,1,0,0,-1,-1,-1,1,NOT AVAILABLE,0,1
m12/2015,-1,0,0,0,NOT AVAILABLE,0,0,1,0,0,0,-1,0,NOT AVAILABLE,0,1,1,1,NOT AVAILABLE,0,NOT AVAILABLE,-1,1,1,0,NOT AVAILABLE,0,0,1,1,1,NOT AVAILABLE,-1,NOT AVAILABLE,0,-1,0,NOT AVAILABLE,NOT AVAILABLE,0,NOT AVAILABLE,0,0,1,0,0,NOT AVAILABLE,NOT AVAILABLE,0,-1,0,1,-1,0,0,0,0,0,0,0,1,1,0,-1,0,-1,1,-1,0,0,-1,1,NOT AVAILABLE,-1,-1,0,0,0,0,0,0,0,NOT AVAILABLE,0,NOT AVAILABLE,0,0,0,-1,1,-1,1,NOT AVAILABLE,1,1,NOT AVAILABLE,0,0,0,0,NOT AVAILABLE,-1,-1,NOT AVAILABLE,1,-1,0,0,0,NOT AVAILABLE,0,0,1,1,1,0,0,0,-1,1,-1,0,0,1,1,0,-1,1,0,-1,0,0,NOT AVAILABLE,NOT AVAILABLE,NOT AVAILABLE,NOT AVAILABLE,-1,NOT AVAILABLE,0,0,1,-1,1,0,0,0,1,0,0,NOT AVAILABLE,-1,NOT AVAILABLE,0,1
m01/2016,-1,0,-1,-1,NOT AVAILABLE,-1,-1,0,-1,-1,-1,-1,0,NOT AVAILABLE,-1,0,-1,-1,NOT AVAILABLE,-1,NOT AVAILABLE,-1,0,0,-1,NOT AVAILABLE,-1,-1,-1,-1,1,NOT AVAILABLE,-1,NOT AVAILABLE,-1,-1,-1,-1,NOT AVAILABLE,-1,NOT AVAILABLE,-1,0,0,-1,-1,NOT AVAILABLE,NOT AVAILABLE,-1,0,-1,-1,0,0,-1,-1,-1,-1,-1,-1,-1,-1,-1,-1,-1,-1,-1,-1,0,-1,1,-1,NOT AVAILABLE,-1,-1,-1,-1,-1,-1,-1,-1,-1,NOT AVAILABLE,-1,NOT AVAILABLE,-1,-1,-1,0,1,1,-1,NOT AVAILABLE,-1,-1,NOT AVAILABLE,-1,-1,0,-1,NOT AVAILABLE,0,-1,NOT AVAILABLE,-1,-1,0,0,-1,NOT AVAILABLE,-1,0,-1,0,-1,-1,0,-1,NOT AVAILABLE,-1,-1,0,-1,-1,-1,-1,-1,-1,0,-1,-1,0,NOT AVAILABLE,NOT AVAILABLE,NOT AVAILABLE,NOT AVAILABLE,-1,NOT AVAILABLE,-1,-1,-1,-1,-1,-1,-1,0,-1,-1,-1,NOT AVAILABLE,-1,NOT AVAILABLE,0,-1
m02/2016,0,-1,0,0,-1,-1,0,0,-1,1,0,-1,-1,NOT AVAILABLE,-1,0,-1,-1,NOT AVAILABLE,-1,NOT AVAILABLE,-1,-1,-1,0,NOT AVAILABLE,-1,0,-1,-1,-1,NOT AVAILABLE,0,NOT AVAILABLE,0,0,-1,0,NOT AVAILABLE,-1,NOT AVAILABLE,-1,0,-1,-1,0,NOT AVAILABLE,NOT AVAILABLE,-1,-1,-1,-1,-1,-1,-1,-1,0,0,-1,-1,-1,-1,-1,-1,-1,-1,0,1,0,-1,-1,-1,NOT AVAILABLE,0,0,-1,0,-1,-1,-1,0,-1,NOT AVAILABLE,0,NOT AVAILABLE,0,-1,0,-1,-1,-1,-1,NOT AVAILABLE,-1,-1,NOT AVAILABLE,-1,-1,0,0,NOT AVAILABLE,0,-1,NOT AVAILABLE,0,-1,-1,-1,0,NOT AVAILABLE,0,-1,-1,0,0,0,-1,-1,NOT AVAILABLE,-1,-1,-1,-1,-1,0,0,0,-1,-1,-1,-1,-1,NOT AVAILABLE,NOT AVAILABLE,NOT AVAILABLE,NOT AVAILABLE,-1,NOT AVAILABLE,0,0,-1,1,-1,-1,-1,0,0,-1,-1,NOT AVAILABLE,-1,NOT AVAILABLE,-1,-1
m03/2016,1,0,1,0,NOT AVAILABLE,0,1,0,1,1,1,0,-1,NOT AVAILABLE,1,1,0,-1,NOT AVAILABLE,1,NOT AVAILABLE,1,0,0,0,NOT AVAILABLE,1,0,0,-1,1,NOT AVAILABLE,0,NOT AVAILABLE,1,-1,1,-1,NOT AVAILABLE,1,NOT AVAILABLE,1,0,-1,1,0,NOT AVAILABLE,NOT AVAILABLE,0,1,0,1,-1,1,0,0,1,1,1,0,1,1,0,1,1,1,0,1,-1,0,-1,1,NOT AVAILABLE,1,1,1,1,1,1,0,0,0,NOT AVAILABLE,-1,NOT AVAILABLE,0,1,0,0,-1,1,0,NOT AVAILABLE,1,0,NOT AVAILABLE,1,0,-1,0,NOT AVAILABLE,1,0,NOT AVAILABLE,0,1,1,1,0,NOT AVAILABLE,-1,1,0,1,0,1,0,1,NOT AVAILABLE,1,-1,0,0,0,0,1,0,0,1,0,0,0,NOT AVAILABLE,NOT AVAILABLE,NOT AVAILABLE,NOT AVAILABLE,1,NOT AVAILABLE,0,0,1,-1,-1,1,1,1,0,-1,0,1,1,NOT AVAILABLE,1,-1
m04/2016,1,0,0,0,NOT AVAILABLE,0,-1,0,0,-1,1,-1,1,NOT AVAILABLE,1,-1,1,0,NOT AVAILABLE,0,NOT AVAILABLE,-1,0,0,1,NOT AVAILABLE,1,1,1,1,-1,NOT AVAILABLE,1,NOT AVAILABLE,1,0,1,NOT AVAILABLE,NOT AVAILABLE,1,NOT AVAILABLE,1,1,0,1,1,-1,NOT AVAILABLE,1,0,0,0,-1,1,1,0,1,1,0,1,1,1,1,0,0,1,1,1,1,0,-1,1,NOT AVAILABLE,-1,1,0,1,0,1,0,0,0,1,1,NOT AVAILABLE,1,1,1,-1,-1,-1,0,-1,-1,1,NOT AVAILABLE,0,1,0,1,NOT AVAILABLE,0,0,NOT AVAILABLE,0,1,1,1,1,NOT AVAILABLE,1,1,0,-1,1,1,1,0,NOT AVAILABLE,1,1,0,1,0,1,1,1,0,0,1,1,1,NOT AVAILABLE,NOT AVAILABLE,NOT AVAILABLE,NOT AVAILABLE,-1,NOT AVAILABLE,0,1,0,-1,-1,0,0,0,1,NOT AVAILABLE,1,NOT AVAILABLE,1,NOT AVAILABLE,1,1
m05/2016,1,0,1,0,NOT AVAILABLE,0,0,0,0,0,0,-1,1,NOT AVAILABLE,1,0,0,0,NOT AVAILABLE,0,NOT AVAILABLE,0,0,0,-1,NOT AVAILABLE,0,1,1,0,1,NOT AVAILABLE,0,NOT AVAILABLE,0,0,-1,1,NOT AVAILABLE,1,NOT AVAILABLE,0,0,1,0,0,-1,NOT AVAILABLE,1,0,0,0,0,1,0,0,1,0,-1,0,-1,0,-1,1,0,-1,0,NOT AVAILABLE,0,-1,0,0,NOT AVAILABLE,0,0,0,1,-1,0,0,0,1,0,0,NOT AVAILABLE,0,-1,-1,0,-1,0,0,NOT AVAILABLE,-1,1,NOT AVAILABLE,1,1,0,1,NOT AVAILABLE,1,1,NOT AVAILABLE,0,1,0,1,0,NOT AVAILABLE,-1,0,0,-1,-1,-1,0,0,NOT AVAILABLE,0,0,0,0,0,0,1,0,0,0,0,0,0,NOT AVAILABLE,NOT AVAILABLE,NOT AVAILABLE,NOT AVAILABLE,1,NOT AVAILABLE,0,-1,0,-1,1,0,-1,0,0,-1,1,1,-1,NOT AVAILABLE,0,0
m06/2016,0,0,1,0,NOT AVAILABLE,1,1,0,0,-1,1,0,0,NOT AVAILABLE,-1,1,0,0,NOT AVAILABLE,1,NOT AVAILABLE,0,1,0,-1,1,0,1,-1,-1,-1,NOT AVAILABLE,0,NOT AVAILABLE,0,0,1,NOT AVAILABLE,NOT AVAILABLE,1,NOT AVAILABLE,1,1,0,0,0,-1,NOT AVAILABLE,1,0,0,0,-1,0,0,0,0,0,1,0,1,0,1,0,1,0,0,-1,1,0,1,0,NOT AVAILABLE,1,1,0,0,0,0,1,1,1,0,1,NOT AVAILABLE,1,1,1,0,0,0,-1,-1,0,0,-1,1,1,0,0,NOT AVAILABLE,0,0,NOT AVAILABLE,0,0,0,1,0,NOT AVAILABLE,0,1,0,1,0,0,0,0,NOT AVAILABLE,-1,1,0,0,0,0,0,1,0,0,1,0,0,NOT AVAILABLE,NOT AVAILABLE,NOT AVAILABLE,NOT AVAILABLE,1,NOT AVAILABLE,1,-1,-1,NOT AVAILABLE,1,0,1,1,1,-1,0,NOT AVAILABLE,1,NOT AVAILABLE,0,0
m07/2016,-1,0,1,0,1,1,1,0,-1,1,0,0,0,NOT AVAILABLE,1,0,-1,0,NOT AVAILABLE,-1,NOT AVAILABLE,0,1,1,0,1,0,-1,1,0,1,NOT AVAILABLE,0,NOT AVAILABLE,0,1,1,NOT AVAILABLE,NOT AVAILABLE,0,NOT AVAILABLE,0,0,0,-1,-1,-1,NOT AVAILABLE,0,-1,1,-1,-1,0,0,0,1,0,0,-1,0,1,1,-1,0,1,-1,-1,-1,1,1,0,NOT AVAILABLE,0,1,0,-1,1,-1,0,0,1,0,-1,NOT AVAILABLE,-1,0,1,0,1,0,0,NOT AVAILABLE,0,0,-1,0,-1,1,-1,NOT AVAILABLE,-1,0,NOT AVAILABLE,1,0,0,0,0,NOT AVAILABLE,0,0,0,1,0,-1,0,0,NOT AVAILABLE,0,0,1,0,0,0,1,-1,0,-1,1,0,0,NOT AVAILABLE,NOT AVAILABLE,NOT AVAILABLE,1,1,NOT AVAILABLE,-1,-1,1,-1,-1,0,1,1,1,-1,0,-1,1,NOT AVAILABLE,-1,-1
m08/2016,1,0,0,-1,1,0,0,0,0,1,-1,-1,0,NOT AVAILABLE,1,-1,1,-1,NOT AVAILABLE,1,NOT AVAILABLE,-1,0,0,0,1,0,1,-1,0,0,NOT AVAILABLE,-1,NOT AVAILABLE,1,0,0,1,NOT AVAILABLE,0,NOT AVAILABLE,0,-1,-1,0,0,1,NOT AVAILABLE,-1,0,0,-1,0,0,1,-1,-1,1,0,1,0,1,0,-1,1,1,0,NOT AVAILABLE,0,0,1,-1,NOT AVAILABLE,1,1,1,-1,0,-1,1,0,-1,1,0,NOT AVAILABLE,0,1,1,0,-1,-1,0,NOT AVAILABLE,1,0,0,-1,1,-1,0,NOT AVAILABLE,1,-1,NOT AVAILABLE,0,1,0,0,0,NOT AVAILABLE,0,0,1,-1,0,1,-1,1,NOT AVAILABLE,-1,-1,-1,0,0,1,0,-1,0,-1,-1,-1,-1,NOT AVAILABLE,NOT AVAILABLE,NOT AVAILABLE,-1,-1,NOT AVAILABLE,0,1,0,-1,1,1,1,1,1,-1,0,-1,-1,NOT AVAILABLE,0,0
m09/2016,0,0,-1,0,-1,0,-1,-1,0,1,1,0,-1,NOT AVAILABLE,0,0,0,0,1,1,1,0,0,0,1,-1,1,-1,-1,-1,0,NOT AVAILABLE,0,NOT AVAILABLE,-1,0,1,0,NOT AVAILABLE,0,NOT AVAILABLE,-1,0,1,0,0,1,NOT AVAILABLE,0,-1,0,1,0,1,1,0,1,-1,-1,1,0,0,0,-1,0,0,1,-1,1,1,-1,0,NOT AVAILABLE,1,1,0,0,1,0,0,0,0,1,0,NOT AVAILABLE,0,-1,-1,1,1,0,-1,NOT AVAILABLE,1,0,0,0,-1,0,0,NOT AVAILABLE,1,0,NOT AVAILABLE,0,-1,-1,1,-1,NOT AVAILABLE,0,1,0,-1,0,-1,-1,-1,NOT AVAILABLE,0,0,0,-1,0,-1,0,1,0,0,-1,-1,0,NOT AVAILABLE,NOT AVAILABLE,1,0,0,NOT AVAILABLE,0,1,-1,-1,-1,1,0,-1,0,NOT AVAILABLE,-1,NOT AVAILABLE,1,1,0,0
m10/2016,0,-1,-1,0,1,0,-1,1,0,-1,1,0,1,NOT AVAILABLE,0,-1,1,1,1,1,1,-1,0,1,-1,1,-1,1,1,0,-1,NOT AVAILABLE,-1,NOT AVAILABLE,1,0,-1,1,NOT AVAILABLE,1,NOT AVAILABLE,0,1,0,-1,0,0,NOT AVAILABLE,1,-1,0,1,0,1,0,1,-1,0,0,1,0,1,1,0,0,1,0,NOT AVAILABLE,-1,1,1,0,NOT AVAILABLE,1,0,-1,0,0,0,0,1,0,1,1,NOT AVAILABLE,1,0,0,-1,0,1,0,-1,-1,0,0,1,1,1,1,NOT AVAILABLE,-1,0,NOT AVAILABLE,0,0,0,0,1,NOT AVAILABLE,1,0,1,-1,0,0,1,-1,NOT AVAILABLE,0,0,0,1,1,1,-1,-1,1,0,0,1,1,NOT AVAILABLE,NOT AVAILABLE,-1,0,0,NOT AVAILABLE,1,1,1,-1,0,-1,1,0,0,-1,1,NOT AVAILABLE,0,1,1,0
m11/2016,0,0,-1,0,1,-1,-1,-1,-1,-1,0,-1,-1,NOT AVAILABLE,-1,1,-1,-1,-1,-1,-1,-1,-1,-1,0,1,-1,0,-1,0,1,NOT AVAILABLE,-1,NOT AVAILABLE,-1,0,-1,0,NOT AVAILABLE,-1,NOT AVAILABLE,0,0,0,-1,-1,0,NOT AVAILABLE,-1,-1,0,-1,-1,0,-1,-1,-1,0,-1,-1,-1,-1,-1,0,-1,0,-1,-1,0,-1,0,-1,NOT AVAILABLE,-1,-1,-1,-1,-1,0,-1,-1,-1,-1,-1,NOT AVAILABLE,-1,-1,-1,-1,-1,-1,0,NOT AVAILABLE,0,0,-1,-1,-1,-1,-1,NOT AVAILABLE,-1,-1,NOT AVAILABLE,1,-1,-1,-1,-1,NOT AVAILABLE,-1,0,0,NOT AVAILABLE,0,-1,-1,-1,NOT AVAILABLE,-1,-1,-1,-1,0,-1,-1,-1,0,0,-1,-1,-1,NOT AVAILABLE,NOT AVAILABLE,NOT AVAILABLE,-1,-1,NOT AVAILABLE,-1,-1,-1,1,-1,-1,-1,-1,-1,0,-1,NOT AVAILABLE,-1,NOT AVAILABLE,-1,-1
m12/2016,1,0,-1,-1,1,0,-1,-1,0,0,0,0,-1,NOT AVAILABLE,-1,0,-1,1,0,-1,1,-1,0,0,-1,0,0,0,0,0,0,NOT AVAILABLE,-1,NOT AVAILABLE,1,1,0,0,NOT AVAILABLE,0,NOT AVAILABLE,0,0,0,-1,0,1,NOT AVAILABLE,-1,0,0,-1,-1,0,-1,0,-1,0,-1,0,0,0,-1,0,-1,-1,0,-1,-1,0,1,-1,NOT AVAILABLE,-1,-1,-1,0,-1,-1,0,-1,-1,1,0,NOT AVAILABLE,-1,0,0,-1,-1,1,0,NOT AVAILABLE,0,0,-1,-1,0,-1,0,NOT AVAILABLE,-1,-1,NOT AVAILABLE,0,-1,0,-1,0,NOT AVAILABLE,0,-1,-1,1,-1,-1,-1,-1,NOT AVAILABLE,0,-1,0,0,1,-1,-1,-1,-1,0,0,-1,-1,NOT AVAILABLE,NOT AVAILABLE,NOT AVAILABLE,0,-1,-1,-1,0,0,NOT AVAILABLE,0,-1,-1,-1,0,NOT AVAILABLE,-1,0,-1,-1,1,0
m01/2017,0,0,1,0,1,0,1,1,0,0,0,1,0,NOT AVAILABLE,1,1,1,1,1,1,-1,0,1,1,0,1,0,0,0,1,1,NOT AVAILABLE,0,NOT AVAILABLE,1,1,1,-1,NOT AVAILABLE,1,NOT AVAILABLE,1,0,0,0,1,0,NOT AVAILABLE,1,0,1,1,0,0,0,0,1,1,0,0,1,1,1,0,1,-1,1,1,1,0,-1,1,NOT AVAILABLE,0,0,1,1,0,0,0,1,1,0,1,NOT AVAILABLE,1,0,1,0,1,1,0,-1,0,0,1,0,1,1,1,NOT AVAILABLE,0,1,NOT AVAILABLE,1,1,1,1,1,NOT AVAILABLE,1,1,0,0,0,1,0,0,NOT AVAILABLE,1,0,0,1,1,0,1,1,1,1,1,1,1,NOT AVAILABLE,NOT AVAILABLE,-1,0,1,0,0,1,0,-1,0,0,0,1,0,-1,1,-1,1,1,1,1
m02/2017,0,-1,0,0,-1,-1,0,0,1,0,0,1,0,NOT AVAILABLE,0,-1,-1,0,1,-1,-1,0,-1,0,0,-1,1,0,0,0,0,NOT AVAILABLE,0,NOT AVAILABLE,0,0,-1,1,NOT AVAILABLE,0,NOT AVAILABLE,-1,-1,-1,0,1,-1,NOT AVAILABLE,0,0,-1,0,-1,1,0,1,1,0,0,1,1,-1,-1,-1,0,0,0,-1,0,0,-1,0,-1,1,0,0,0,1,1,-1,0,-1,0,-1,NOT AVAILABLE,0,1,0,0,-1,0,0,NOT AVAILABLE,0,0,0,-1,1,-1,1,NOT AVAILABLE,0,-1,NOT AVAILABLE,1,0,-1,-1,0,NOT AVAILABLE,0,0,0,-1,0,0,0,-1,NOT AVAILABLE,-1,0,0,1,0,-1,0,1,1,1,-1,-1,0,NOT AVAILABLE,NOT AVAILABLE,NOT AVAILABLE,0,1,-1,0,-1,0,-1,0,-1,0,0,-1,-1,1,NOT AVAILABLE,0,1,0,0
m03/2017,-1,0,0,0,-1,0,0,-1,1,1,0,0,-1,NOT AVAILABLE,1,0,0,0,0,0,-1,1,0,0,1,-1,1,0,0,0,0,NOT AVAILABLE,1,NOT AVAILABLE,-1,1,1,-1,NOT AVAILABLE,0,NOT AVAILABLE,1,-1,0,1,0,-1,NOT AVAILABLE,1,0,1,0,-1,0,1,1,1,0,0,1,-1,1,1,0,-1,-1,1,1,1,0,0,1,1,1,1,1,-1,0,0,0,-1,-1,0,1,NOT AVAILABLE,0,0,0,1,1,0,1,NOT AVAILABLE,1,0,1,1,1,0,0,NOT AVAILABLE,-1,1,NOT AVAILABLE,1,0,0,0,1,NOT AVAILABLE,1,0,1,0,0,1,0,0,NOT AVAILABLE,1,1,0,0,1,0,1,0,0,0,1,0,1,NOT AVAILABLE,NOT AVAILABLE,NOT AVAILABLE,0,1,1,1,-1,-1,-1,-1,1,1,1,1,-1,1,-1,1,-1,0,0
m04/2017,0,0,1,0,0,0,0,0,0,1,1,0,-1,NOT AVAILABLE,1,1,0,0,1,1,-1,-1,-1,1,1,-1,1,1,0,1,0,NOT AVAILABLE,0,NOT AVAILABLE,1,-1,0,-1,NOT AVAILABLE,0,NOT AVAILABLE,-1,0,1,0,1,0,NOT AVAILABLE,-1,0,1,-1,0,1,1,-1,1,0,1,0,0,1,0,0,1,0,1,1,0,1,0,0,0,1,0,1,1,1,0,1,0,0,0,1,NOT AVAILABLE,1,1,1,1,-1,0,-1,NOT AVAILABLE,1,1,0,1,0,-1,1,NOT AVAILABLE,1,0,NOT AVAILABLE,0,1,1,0,1,NOT AVAILABLE,0,0,-1,1,0,0,0,1,NOT AVAILABLE,0,1,1,0,0,1,1,0,0,1,-1,1,0,NOT AVAILABLE,NOT AVAILABLE,NOT AVAILABLE,0,0,1,-1,0,1,1,0,1,0,0,1,-1,0,-1,0,1,1,1
m05/2017,1,1,0,0,-1,-1,0,-1,-1,-1,-1,0,-1,NOT AVAILABLE,0,0,0,-1,0,0,1,-1,-1,0,0,-1,-1,0,-1,0,-1,NOT AVAILABLE,0,NOT AVAILABLE,0,1,0,-1,NOT AVAILABLE,-1,NOT AVAILABLE,-1,0,-1,1,-1,-1,NOT AVAILABLE,-1,-1,-1,1,-1,-1,-1,-1,-1,0,-1,-1,-1,-1,-1,0,-1,0,-1,1,1,0,1,-1,-1,1,0,0,-1,-1,0,-1,-1,-1,1,-1,NOT AVAILABLE,0,-1,-1,-1,1,-1,0,NOT AVAILABLE,-1,0,-1,0,-1,-1,0,NOT AVAILABLE,-1,-1,NOT AVAILABLE,0,0,-1,0,0,NOT AVAILABLE,1,0,0,0,1,0,-1,0,NOT AVAILABLE,-1,0,0,0,-1,-1,-1,0,0,0,-1,0,-1,NOT AVAILABLE,NOT AVAILABLE,NOT AVAILABLE,-1,1,0,0,-1,0,-1,-1,-1,0,0,0,-1,1,-1,-1,NOT AVAILABLE,0,-1
m06/2017,-1,0,0,0,NOT AVAILABLE,0,0,0,0,0,0,1,-1,NOT AVAILABLE,1,0,0,-1,0,0,0,-1,0,0,0,-1,1,0,1,0,1,NOT AVAILABLE,0,NOT AVAILABLE,0,-1,1,-1,NOT AVAILABLE,-1,NOT AVAILABLE,0,-1,0,1,-1,-1,NOT AVAILABLE,1,1,0,1,0,-1,0,0,0,-1,0,-1,-1,0,1,0,0,1,1,NOT AVAILABLE,-1,1,1,1,0,-1,0,-1,-1,0,0,-1,0,1,-1,0,NOT AVAILABLE,0,0,1,-1,-1,-1,-1,1,0,1,0,-1,1,0,-1,NOT AVAILABLE,-1,0,NOT AVAILABLE,1,1,0,-1,-1,NOT AVAILABLE,0,-1,1,-1,0,0,-1,0,NOT AVAILABLE,0,1,-1,0,0,0,-1,1,0,-1,1,0,1,-1,NOT AVAILABLE,NOT AVAILABLE,0,0,0,1,0,1,NOT AVAILABLE,0,-1,0,-1,-1,0,1,NOT AVAILABLE,0,0,-1,0
m07/2017,1,0,1,0,1,0,1,0,0,1,0,0,1,NOT AVAILABLE,-1,1,-1,1,0,1,0,-1,0,0,0,0,1,0,1,0,-1,NOT AVAILABLE,0,-1,0,0,0,0,NOT AVAILABLE,0,NOT AVAILABLE,0,0,0,0,-1,-1,NOT AVAILABLE,-1,0,-1,-1,0,1,0,0,-1,0,0,1,0,0,1,-1,0,1,0,-1,1,0,NOT AVAILABLE,0,0,1,-1,0,0,0,0,0,0,0,1,-1,NOT AVAILABLE,0,0,-1,1,NOT AVAILABLE,1,1,-1,0,0,-1,0,0,0,0,NOT AVAILABLE,1,0,NOT AVAILABLE,-1,0,0,-1,1,NOT AVAILABLE,1,0,0,0,1,0,0,1,NOT AVAILABLE,0,0,0,0,0,-1,0,0,0,1,-1,0,-1,0,NOT AVAILABLE,NOT AVAILABLE,0,-1,0,-1,0,0,1,-1,-1,1,0,1,1,-1,NOT AVAILABLE,-1,NOT AVAILABLE,-1,0
m08/2017,-1,0,0,-1,1,0,1,0,0,0,0,1,-1,NOT AVAILABLE,0,-1,-1,0,-1,0,0,0,-1,-1,-1,-1,0,0,0,0,-1,0,1,1,0,-1,-1,-1,NOT AVAILABLE,0,NOT AVAILABLE,0,-1,0,0,0,-1,NOT AVAILABLE,0,-1,0,0,-1,0,-1,-1,0,-1,-1,0,-1,0,0,-1,-1,0,-1,NOT AVAILABLE,-1,0,-1,-1,0,0,-1,-1,-1,0,-1,0,-1,0,0,0,NOT AVAILABLE,0,0,0,-1,-1,1,0,-1,-1,0,0,0,1,-1,0,NOT AVAILABLE,-1,-1,NOT AVAILABLE,0,-1,-1,0,0,NOT AVAILABLE,0,0,1,0,0,0,-1,-1,NOT AVAILABLE,1,-1,0,0,0,-1,-1,1,-1,0,-1,0,0,-1,NOT AVAILABLE,NOT AVAILABLE,0,-1,-1,-1,-1,0,-1,0,-1,-1,0,-1,1,1,NOT AVAILABLE,0,NOT AVAILABLE,1,-1
m09/2017,1,0,-1,0,1,0,-1,0,0,0,0,0,-1,NOT AVAILABLE,0,0,0,0,-1,-1,1,-1,0,0,0,-1,0,0,-1,0,0,0,0,NOT AVAILABLE,0,-1,0,-1,NOT AVAILABLE,-1,NOT AVAILABLE,-1,0,0,0,0,-1,NOT AVAILABLE,-1,0,0,-1,0,0,0,-1,0,-1,1,-1,-1,0,-1,0,0,-1,-1,NOT AVAILABLE,1,-1,NOT AVAILABLE,-1,-1,-1,-1,0,-1,0,1,1,0,-1,0,0,NOT AVAILABLE,0,-1,-1,1,-1,0,0,NOT AVAILABLE,-1,1,0,-1,0,0,-1,NOT AVAILABLE,0,-1,NOT AVAILABLE,-1,-1,-1,0,-1,NOT AVAILABLE,-1,0,-1,0,0,1,-1,0,NOT AVAILABLE,-1,-1,0,-1,0,0,0,1,-1,-1,-1,0,0,0,NOT AVAILABLE,NOT AVAILABLE,-1,0,-1,0,-1,0,-1,0,-1,-1,0,-1,0,-1,1,0,-1,0,0
m10/2017,1,0,1,1,1,0,1,0,0,0,1,0,-1,NOT AVAILABLE,0,1,1,1,0,1,0,0,0,0,-1,1,1,0,-1,0,-1,1,0,NOT AVAILABLE,1,1,-1,0,NOT AVAILABLE,0,NOT AVAILABLE,0,0,1,1,1,NOT AVAILABLE,NOT AVAILABLE,1,1,0,1,0,1,0,0,0,1,1,1,1,1,1,0,1,0,1,NOT AVAILABLE,1,1,1,1,-1,0,1,0,0,1,0,0,1,0,1,1,NOT AVAILABLE,1,0,1,-1,NOT AVAILABLE,1,0,NOT AVAILABLE,0,0,1,1,0,-1,0,NOT AVAILABLE,1,1,NOT AVAILABLE,0,1,1,0,0,NOT AVAILABLE,0,1,1,-1,0,1,1,0,NOT AVAILABLE,1,1,0,1,1,0,0,1,0,0,1,1,1,1,0,NOT AVAILABLE,1,0,1,-1,0,1,NOT AVAILABLE,0,0,0,1,0,-1,0,0,0,1,1,1
m11/2017,1,0,-1,1,-1,0,-1,0,-1,1,-1,1,0,NOT AVAILABLE,1,0,-1,0,1,-1,-1,0,1,0,1,0,0,0,0,0,-1,0,-1,NOT AVAILABLE,0,1,0,1,NOT AVAILABLE,0,NOT AVAILABLE,0,0,-1,0,0,-1,NOT AVAILABLE,1,0,0,0,-1,-1,1,0,-1,0,0,-1,1,1,0,0,0,0,-1,NOT AVAILABLE,1,-1,1,1,0,0,-1,0,0,0,0,0,0,0,1,0,1,0,-1,-1,-1,-1,1,-1,-1,1,1,-1,0,0,-1,-1,NOT AVAILABLE,-1,0,NOT AVAILABLE,1,0,0,0,0,NOT AVAILABLE,0,0,1,1,0,-1,0,0,NOT AVAILABLE,0,0,-1,0,-1,0,-1,1,0,-1,0,0,0,0,1,NOT AVAILABLE,0,0,0,0,0,0,-1,-1,1,-1,-1,0,1,-1,-1,1,1,-1,1
m12/2017,0,0,1,1,-1,1,1,0,0,1,1,0,0,NOT AVAILABLE,-1,0,0,0,1,0,1,1,1,1,1,0,1,1,1,0,0,0,1,NOT AVAILABLE,1,1,0,-1,NOT AVAILABLE,0,NOT AVAILABLE,1,0,1,1,1,-1,0,0,0,0,0,0,1,1,0,0,0,0,1,0,0,0,1,1,0,1,NOT AVAILABLE,-1,1,-1,1,0,1,1,1,0,1,-1,0,-1,0,0,0,0,0,0,0,-1,-1,-1,0,-1,1,1,1,0,0,0,1,NOT AVAILABLE,0,-1,NOT AVAILABLE,0,0,0,1,1,NOT AVAILABLE,0,0,0,0,0,1,1,0,NOT AVAILABLE,0,0,1,0,0,0,1,0,1,-1,0,0,1,1,0,-1,0,0,0,1,1,1,NOT AVAILABLE,0,1,0,1,0,0,0,-1,1,-1,1,-1
m01/2018,1,1,0,1,0,-1,0,-1,0,0,-1,-1,-1,NOT AVAILABLE,-1,0,-1,1,-1,-1,-1,0,-1,0,-1,NOT AVAILABLE,0,0,0,0,-1,0,0,NOT AVAILABLE,0,0,-1,1,NOT AVAILABLE,0,NOT AVAILABLE,-1,0,-1,0,0,NOT AVAILABLE,0,0,0,0,-1,-1,0,0,0,0,0,0,0,-1,0,1,0,0,-1,0,1,0,-1,-1,-1,0,0,-1,1,-1,0,0,1,-1,0,-1,0,1,-1,0,0,0,0,0,0,0,-1,-1,0,0,1,-1,-1,NOT AVAILABLE,0,0,NOT AVAILABLE,1,1,0,0,0,NOT AVAILABLE,-1,0,0,0,0,-1,-1,0,NOT AVAILABLE,-1,0,0,0,-1,0,0,0,-1,1,0,-1,-1,0,-1,NOT AVAILABLE,0,0,-1,0,0,0,1,-1,-1,-1,0,0,-1,0,NOT AVAILABLE,0,NOT AVAILABLE,-1,-1
m02/2018,0,0,0,1,1,-1,0,-1,-1,0,0,0,1,NOT AVAILABLE,0,1,0,0,0,-1,0,-1,-1,0,0,NOT AVAILABLE,-1,0,0,0,-1,0,0,NOT AVAILABLE,0,0,0,-1,NOT AVAILABLE,0,NOT AVAILABLE,0,0,0,0,0,NOT AVAILABLE,-1,-1,-1,0,0,0,0,1,-1,0,0,0,0,0,0,0,-1,0,0,1,1,1,-1,0,0,-1,-1,1,-1,-1,0,-1,-1,0,-1,-1,-1,0,0,-1,0,-1,-1,-1,-1,-1,1,0,-1,0,-1,0,0,NOT AVAILABLE,0,-1,NOT AVAILABLE,-1,0,-1,0,0,NOT AVAILABLE,0,0,1,-1,0,0,1,-1,NOT AVAILABLE,0,1,0,-1,0,0,0,0,0,0,0,0,1,0,-1,NOT AVAILABLE,0,0,0,0,0,-1,-1,0,0,0,0,-1,-1,0,-1,0,NOT AVAILABLE,1,0
m03/2018,1,0,-1,-1,1,-1,-1,-1,-1,0,-1,-1,1,NOT AVAILABLE,0,-1,-1,0,0,-1,-1,-1,-1,0,-1,NOT AVAILABLE,-1,0,-1,-1,NOT AVAILABLE,-1,-1,NOT AVAILABLE,-1,-1,0,-1,NOT AVAILABLE,-1,NOT AVAILABLE,-1,-1,0,-1,0,NOT AVAILABLE,0,-1,-1,-1,-1,-1,-1,-1,-1,-1,-1,-1,-1,-1,-1,-1,0,-1,-1,0,-1,-1,0,-1,-1,-1,0,1,0,-1,0,-1,0,-1,-1,0,0,0,0,0,-1,-1,0,1,-1,-1,-1,-1,0,-1,0,-1,-1,NOT AVAILABLE,-1,-1,NOT AVAILABLE,-1,-1,-1,0,-1,NOT AVAILABLE,-1,-1,-1,0,0,0,0,-1,NOT AVAILABLE,0,0,0,-1,0,-1,0,-1,0,0,-1,-1,0,-1,-1,NOT AVAILABLE,-1,-1,-1,1,-1,-1,1,0,-1,0,-1,-1,1,0,NOT AVAILABLE,-1,NOT AVAILABLE,-1,-1
m04/2018,1,-1,0,0,-1,0,1,0,0,0,1,-1,NOT AVAILABLE,NOT AVAILABLE,1,1,0,0,0,0,1,0,0,-1,0,0,1,1,1,0,0,1,1,NOT AVAILABLE,-1,0,0,0,NOT AVAILABLE,0,NOT AVAILABLE,0,0,-1,0,0,1,1,1,0,1,0,0,1,1,0,0,0,1,1,1,0,1,0,0,1,0,0,-1,1,-1,0,0,0,-1,0,1,1,0,-1,0,0,1,1,-1,0,-1,-1,-1,0,0,0,-1,1,1,1,1,0,0,0,1,0,1,NOT AVAILABLE,0,1,0,1,1,NOT AVAILABLE,0,0,1,-1,0,-1,0,0,NOT AVAILABLE,1,0,0,0,0,1,1,1,-1,-1,1,1,0,1,1,NOT AVAILABLE,0,0,1,0,1,0,-1,0,1,0,1,0,NOT AVAILABLE,1,-1,1,NOT AVAILABLE,0,1
m05/2018,0,0,-1,-1,-1,-1,-1,0,-1,-1,-1,0,-1,NOT AVAILABLE,-1,0,0,-1,-1,0,1,0,-1,-1,-1,-1,-1,-1,-1,0,-1,-1,0,NOT AVAILABLE,0,1,0,-1,NOT AVAILABLE,-1,NOT AVAILABLE,-1,-1,-1,-1,-1,NOT AVAILABLE,-1,-1,1,-1,-1,-1,0,-1,-1,-1,-1,0,-1,-1,-1,-1,-1,-1,-1,0,-1,0,-1,0,-1,-1,-1,-1,-1,-1,-1,-1,-1,-1,-1,-1,-1,1,0,-1,-1,-1,1,-1,-1,NOT AVAILABLE,0,-1,-1,-1,-1,-1,-1,-1,-1,-1,NOT AVAILABLE,0,0,-1,0,-1,NOT AVAILABLE,-1,-1,-1,1,0,-1,-1,-1,NOT AVAILABLE,-1,1,0,-1,-1,-1,0,-1,-1,0,-1,-1,0,0,-1,NOT AVAILABLE,1,0,0,-1,-1,-1,-1,-1,-1,0,-1,0,-1,-1,-1,-1,NOT AVAILABLE,-1,-1
m06/2018,1,0,0,-1,-1,-1,0,0,0,0,-1,-1,-1,NOT AVAILABLE,-1,-1,-1,0,0,0,-1,0,0,-1,-1,-1,0,0,0,-1,-1,-1,-1,NOT AVAILABLE,-1,-1,0,-1,NOT AVAILABLE,-1,NOT AVAILABLE,0,0,0,-1,0,NOT AVAILABLE,0,-1,0,-1,0,0,-1,0,0,-1,0,-1,0,0,-1,-1,-1,-1,0,0,-1,1,0,-1,-1,0,-1,-1,0,0,-1,-1,0,0,-1,0,0,0,0,-1,0,-1,0,-1,0,NOT AVAILABLE,0,-1,-1,-1,-1,0,0,-1,-1,0,NOT AVAILABLE,0,-1,0,-1,0,NOT AVAILABLE,0,-1,-1,-1,0,-1,0,-1,NOT AVAILABLE,0,0,0,0,0,0,-1,0,0,0,0,0,0,-1,0,NOT AVAILABLE,0,0,1,0,0,-1,-1,0,0,-1,0,-1,-1,-1,-1,-1,NOT AVAILABLE,0,0
m07/2018,-1,0,0,1,-1,0,0,0,0,1,-1,0,-1,NOT AVAILABLE,0,1,0,0,0,0,0,0,0,-1,1,NOT AVAILABLE,0,0,-1,0,1,0,0,NOT AVAILABLE,0,0,0,0,NOT AVAILABLE,1,NOT AVAILABLE,0,0,-1,1,-1,NOT AVAILABLE,-1,1,0,1,0,-1,0,0,1,0,0,0,0,0,1,0,1,0,1,0,1,-1,0,0,-1,0,-1,0,0,0,1,0,1,0,-1,-1,0,0,0,0,0,-1,1,1,-1,NOT AVAILABLE,1,0,0,0,0,0,0,-1,1,0,NOT AVAILABLE,0,0,0,0,0,NOT AVAILABLE,0,0,0,0,-1,1,0,0,NOT AVAILABLE,0,1,0,0,0,0,1,0,0,0,0,0,0,0,-1,NOT AVAILABLE,0,0,1,0,0,0,NOT AVAILABLE,0,0,-1,1,0,-1,1,1,0,NOT AVAILABLE,0,0
m08/2018,0,-1,1,-1,0,0,1,-1,0,-1,0,-1,NOT AVAILABLE,NOT AVAILABLE,1,0,0,0,-1,0,-1,-1,0,0,0,0,1,1,0,0,-1,-1,0,NOT AVAILABLE,0,0,0,1,NOT AVAILABLE,-1,NOT AVAILABLE,-1,0,0,1,0,NOT AVAILABLE,-1,-1,0,0,-1,-1,-1,-1,-1,1,0,-1,0,0,0,0,-1,0,0,0,-1,0,0,-1,0,0,1,0,0,0,-1,-1,-1,0,-1,-1,0,0,1,1,0,-1,1,1,-1,-1,-1,-1,0,-1,0,0,0,0,0,-1,NOT AVAILABLE,1,1,0,0,0,NOT AVAILABLE,-1,-1,0,0,0,-1,-1,-1,NOT AVAILABLE,-1,-1,0,0,-1,0,1,-1,-1,-1,-1,0,-1,-1,-1,NOT AVAILABLE,1,1,0,-1,1,0,-1,-1,-1,-1,1,0,-1,0,-1,-1,NOT AVAILABLE,-1,0
m09/2018,1,-1,0,-1,1,-1,0,-1,-1,-1,-1,-1,-1,NOT AVAILABLE,-1,0,-1,-1,-1,-1,-1,-1,-1,-1,-1,-1,-1,-1,-1,1,NOT AVAILABLE,-1,-1,1,-1,-1,-1,1,NOT AVAILABLE,-1,NOT AVAILABLE,-1,-1,-1,-1,0,-1,1,-1,-1,-1,-1,-1,0,-1,-1,0,0,-1,-1,0,-1,-1,-1,-1,-1,-1,-1,0,-1,-1,-1,-1,-1,-1,-1,0,-1,-1,0,-1,0,1,-1,-1,-1,0,0,0,0,0,0,-1,-1,-1,-1,-1,-1,-1,-1,0,-1,-1,NOT AVAILABLE,0,-1,-1,-1,0,NOT AVAILABLE,-1,-1,-1,0,0,-1,-1,-1,NOT AVAILABLE,-1,-1,0,-1,-1,-1,-1,-1,0,0,-1,-1,-1,0,-1,NOT AVAILABLE,0,-1,-1,-1,-1,-1,-1,0,-1,-1,-1,-1,1,-1,0,-1,NOT AVAILABLE,-1,-1
m10/2018,-1,0,-1,0,0,0,-1,0,0,0,0,0,1,NOT AVAILABLE,0,-1,0,0,0,0,0,-1,0,0,0,NOT AVAILABLE,0,0,0,0,-1,0,0,1,0,0,0,1,NOT AVAILABLE,0,0,0,0,0,0,0,-1,0,0,0,0,1,-1,0,0,-1,-1,-1,0,0,0,0,0,0,-1,0,1,-1,0,0,-1,1,0,-1,-1,0,0,1,-1,0,0,-1,0,0,1,-1,0,-1,-1,-1,-1,0,1,0,0,0,-1,-1,0,-1,0,-1,0,NOT AVAILABLE,0,0,0,-1,0,NOT AVAILABLE,0,-1,0,-1,-1,-1,0,0,NOT AVAILABLE,0,0,0,0,0,0,-1,0,0,1,0,0,1,0,1,-1,-1,0,0,0,0,0,NOT AVAILABLE,0,-1,0,-1,0,-1,0,NOT AVAILABLE,-1,NOT AVAILABLE,0,0
m11/2018,-1,0,0,-1,1,1,1,-1,0,1,-1,0,NOT AVAILABLE,NOT AVAILABLE,0,0,0,0,0,1,-1,1,0,0,1,-1,1,1,-1,0,NOT AVAILABLE,0,1,-1,-1,1,-1,0,NOT AVAILABLE,0,1,0,-1,-1,-1,-1,NOT AVAILABLE,0,1,0,-1,0,0,0,0,0,0,-1,-1,-1,-1,0,-1,-1,0,0,1,-1,1,-1,-1,1,0,1,0,-1,-1,-1,0,0,0,0,1,0,0,0,1,0,-1,-1,-1,-1,NOT AVAILABLE,1,0,-1,-1,0,0,0,0,-1,0,1,0,-1,0,0,-1,NOT AVAILABLE,0,0,0,1,1,0,1,0,-1,0,-1,0,0,-1,0,1,0,0,0,-1,0,0,0,-1,NOT AVAILABLE,0,0,0,1,0,-1,1,0,0,-1,1,0,NOT AVAILABLE,-1,NOT AVAILABLE,1,NOT AVAILABLE,-1,0
m12/2018,-1,0,0,0,1,0,0,0,1,0,1,0,-1,NOT AVAILABLE,0,0,0,0,-1,0,0,0,0,1,0,NOT AVAILABLE,0,-1,0,-1,NOT AVAILABLE,1,0,0,1,0,0,1,1,1,1,0,0,0,1,0,NOT AVAILABLE,0,0,-1,0,0,0,0,0,1,0,0,1,1,0,0,0,0,0,1,1,-1,1,0,1,0,0,0,1,1,0,0,0,1,0,-1,0,0,0,1,0,0,-1,-1,1,0,NOT AVAILABLE,0,0,1,0,1,0,1,1,0,1,1,0,1,0,1,1,NOT AVAILABLE,0,0,0,-1,-1,0,-1,0,NOT AVAILABLE,1,0,1,0,0,0,1,0,0,0,0,0,1,0,NOT AVAILABLE,NOT AVAILABLE,0,0,0,0,1,0,NOT AVAILABLE,0,0,0,0,0,NOT AVAILABLE,0,-1,0,NOT AVAILABLE,0,0